txl1_x,txl1_y,txl1_z,txl2_x,txl2_y,txl2_z,txl3_x,txl3_y,txl3_z,txl4_x,txl4_y,txl4_z,txl5_x,txl5_y,txl5_z,txl6_x,txl6_y,txl6_z,txl7_x,txl7_y,txl7_z,txl8_x,txl8_y,txl8_z,txl9_x,txl9_y,txl9_z,txl10_x,txl10_y,txl10_z,txl11_x,txl11_y,txl11_z,txl12_x,txl12_y,txl12_z,txl13_x,txl13_y,txl13_z,txl14_x,txl14_y,txl14_z,txl15_x,txl15_y,txl15_z,txl16_x,txl16_y,txl16_z
-0.24907801441085656,-0.5494094415924158,-0.06899813451677814,-0.1210858960802508,-0.6790693382097407,0.3688672892706822,0.11429467818284378,-0.43749900250103235,0.034689261897229026,0.11171201033101451,-0.12389146324321917,-0.10153537742151897,-1.2529712709647114,-0.5673721704168061,0.443116732076169,-2.0795935216670167,-1.230226567856509,-0.8921039833065721,0.906932894231893,-0.038876092700911,0.4404058438841766,0.3305910360013101,-0.27456011657186863,-0.1957469823885785,-2.487552718033767,0.00043859064639569585,0.21309349276870967,-3.223105908715502,-0.5241338198193616,0.30310391253674224,-0.6386328345601434,-0.4687519453066165,1.6692232569230068,0.5293892720194401,0.4525877316226537,1.6927410422876943,-0.9671775512620794,0.5252002516533317,0.6292643272100826,-2.952614155951415,1.7948747139527401,1.5638416893611216,-2.372272997675133,3.0665982362993334,1.7429067407628447,0.38749806484583466,0.9249896806381336,0.19737148628873918
-0.26322098406110606,-0.5480224972755041,-0.07461395538119492,-0.13407518376275201,-0.6900216273011057,0.38346628728252535,0.10651202181770392,-0.43713148082664305,0.03438764026568617,0.11403122444390826,-0.11687151856052663,-0.09508518302952011,-1.2654611462722223,-0.5555363486646628,0.43851061154872834,-2.1006325790469234,-1.194565915248817,-0.8725976624078355,0.8975175366229156,1.5849776918871322e-05,0.4428521450113994,0.3245686824253686,-0.2775973514871363,-0.1842554735386676,-2.4671329665696415,-0.00024119275234802838,0.15800265529011753,-3.2302550938901793,-0.4924734935097999,0.32515455917261216,-0.8070054114915127,-0.41761554076069357,1.640254613244124,0.511121844548614,0.47682336811602505,1.6968907346975661,-0.9410074749367235,0.5156418880160778,0.5935638656826691,-2.8892114209525537,1.7730519194632033,1.5138520039654992,-2.312585207033626,3.016359310403191,1.6951413283525716,0.37714793768159666,0.9184103378294385,0.18346019067255706
-0.2732183649777668,-0.5473859636552322,-0.08164144896311872,-0.14477658442986932,-0.6835056688685432,0.38170916647753145,0.10840645804065359,-0.45204335986584654,0.04381419795062588,0.11253234458450902,-0.12389611596910846,-0.09626309438515109,-1.2725589046195795,-0.5509716232676347,0.4381902285995347,-2.113170138788567,-1.1889647562709982,-0.8718464671460979,0.8931472185774306,0.030689351189835033,0.4459954210430786,0.3245162807175723,-0.27517000650308293,-0.1775639025645373,-2.448572551345542,0.00010036770264741147,0.11838319870672302,-3.244186235978169,-0.4751081067120156,0.3335411568144713,-0.877318281025035,-0.3971491209510365,1.6196697737200367,0.5074822304934306,0.4876113721840561,1.6847876653598197,-0.9278514082968654,0.5096084006839742,0.5659427991992122,-2.852980641228471,1.753604176211081,1.4829984779471,-2.314075627203373,3.0015180329238835,1.668394910308005,0.36713171637147846,0.9006957601638417,0.18840187438111897
-0.279646862930311,-0.5522436921074169,-0.08325015160387271,-0.14644571367882608,-0.6912377140645942,0.393298866173757,0.1029704967671054,-0.4551642441727728,0.04723857135379579,0.11758494672539012,-0.12383452146075613,-0.09750152791249629,-1.284830147383755,-0.5482152520868268,0.44195396432894657,-2.1259979697727514,-1.1796735435013177,-0.8710854775595513,0.8875835111371876,0.0466510916510144,0.4459392930726471,0.3193676762017223,-0.28189277660927015,-0.17801398771009788,-2.445471355139608,0.0004440081993382886,0.12042511767749184,-3.240400273525873,-0.45438703000243147,0.3610967347472393,-0.9414417588610169,-0.3766953013585005,1.600147406015724,0.5048522136926076,0.49837208091923474,1.6910656600732168,-0.9187944148118745,0.5085736491963231,0.5644738408085038,-2.796619268514574,1.7389529803004113,1.44163064390993,-2.254057126895223,2.9604906521626795,1.652478131698172,0.36757748177612765,0.8934275256965907,0.17877637305254482
-0.3099848958552979,-0.5782470341106971,-0.09139588474283808,-0.1654616626181698,-0.7207796647942009,0.4340197171295362,0.10477634905647039,-0.4894019146117263,0.07619524242577097,0.11993615124820525,-0.1325516447529976,-0.10277504263880437,-1.315057562722723,-0.546991364601627,0.47777629907383695,-2.1450930239687818,-1.1515939406778908,-0.8265790805275319,0.8491214307466514,0.05928704140742249,0.4778675758399065,0.33893362246542513,-0.2727372520242677,-0.16305787217503184,-2.432134676778395,0.0021945229088471334,0.10669263322517701,-3.2174888572137736,-0.41177364867446903,0.43231477158149256,-1.0916906019646886,-0.32154581206936844,1.5774157827410753,0.5108354764053753,0.5031103301225465,1.6659673841172207,-0.8966795800907036,0.5148783115841697,0.56973315775235,-2.661144820716206,1.6991686239894745,1.365685554735973,-2.0819577572706507,2.8456886636355674,1.5849303620709374,0.36673234155169715,0.8586586435725456,0.15760668561152102
-0.3289628175334864,-0.5871706209374191,-0.09872839178314298,-0.17664768974250344,-0.7315847043572837,0.4505690209159458,0.09543224214226703,-0.5026377421836588,0.08005857282513319,0.12084909331604342,-0.13427716579467647,-0.10887645177834512,-1.3377548894948375,-0.5417648011862544,0.4850216891515595,-2.153501837584689,-1.1338261185936445,-0.8040424105759356,0.8310543801826076,0.06030308007613021,0.4958129044172456,0.33892881987323176,-0.27509284061794365,-0.16986275873813536,-2.4155724190860495,0.0028707835494482534,0.0798847155883805,-3.2020042735431002,-0.38358663247730157,0.4789942862628723,-1.1492638634435222,-0.29869861943510917,1.5635825067169842,0.5135981966413211,0.5028491667601933,1.642662933785496,-0.8917738199905707,0.5136916970476578,0.5677581635594867,-2.5944494005158782,1.6835162061561644,1.3285938222608686,-2.0136609102194987,2.7894538589766715,1.5502818704134147,0.35793534675206423,0.8355640041400645,0.1399247111097696
-0.3622646939212884,-0.5996017737686806,-0.1194628861293231,-0.20240627442214373,-0.7386573721588623,0.47654362538802086,0.09723128935365549,-0.5213689983428197,0.09718594772535098,0.1268117517012684,-0.13771164266526686,-0.10570811451671046,-1.3564116992340254,-0.5218465778652622,0.4999838130315286,-2.169818402834868,-1.1087479531063975,-0.782152284439244,0.7988783074286201,0.08030209759969972,0.5121974949190725,0.34874168294339214,-0.2718669770162361,-0.1524890062610494,-2.36158224920657,0.0032974671258990205,0.026780735868569487,-3.166056360478665,-0.3454846960580417,0.5380095465998966,-1.2207402446774407,-0.2670248590562258,1.5526457406975658,0.5316523939746537,0.5013757345111527,1.646903278590184,-0.8665956654782909,0.5229048198042234,0.573331438246263,-2.464897440940417,1.655703528392974,1.2668855586436765,-1.8573663161601306,2.7016430981544213,1.5091811199890128,0.3676701923711156,0.8193338641579989,0.1325534666068147
-0.4013911038260659,-0.6075584436224077,-0.14250623725550512,-0.22324026887788562,-0.7458927121142834,0.4987630073853625,0.090310301602642,-0.5338674276538135,0.09590043410970549,0.11706790682183368,-0.14308631715008074,-0.10573324713344587,-1.3722141632502356,-0.5170593512673538,0.5065998445976518,-2.197941005932997,-1.0742102381655048,-0.7591274284895713,0.7513472322351847,0.10408814355394505,0.5327377788009754,0.3533575466049838,-0.27338755304255863,-0.15284871478225034,-2.3293434587304707,0.005377013842858724,-0.014344110900418835,-3.155058968354125,-0.3055184981268933,0.5947301283582167,-1.3149424482676917,-0.2277704887194575,1.5451896556722289,0.540352007758541,0.5041595389795495,1.6306084743364864,-0.8612193177800799,0.5409224840314374,0.6001737845686517,-2.394808808896465,1.6589246236819881,1.2477487880574012,-1.7446172772451327,2.6468803076874448,1.4969578784514705,0.3697746245568864,0.8022236026314792,0.1199594474070733
-0.4201978348803813,-0.6156997364837302,-0.1579208226273125,-0.23548325282097773,-0.7504934539846043,0.5072905420611976,0.08700702445288398,-0.5383032270464275,0.09570279511310406,0.12560969293489016,-0.13947098673465697,-0.10853604880666465,-1.384820381649409,-0.5121715298190688,0.5219235635785124,-2.2027733489792394,-1.0592757962088721,-0.7444029709453778,0.7474874462929271,0.11343817074763075,0.5420365289382629,0.34953933728390063,-0.2743755173371122,-0.14795280106182543,-2.3228580074770404,0.006089868139193162,-0.03390399046708145,-3.13914246984636,-0.28679105081384154,0.6226600682231662,-1.350892874502767,-0.21148377596391388,1.5362801124671808,0.5445188886568715,0.5055694763889659,1.6234449692278559,-0.8699093852819698,0.5446559044743177,0.610259070921194,-2.37674766569809,1.657253361567768,1.2421477007405592,-1.7016157631611981,2.628830396848983,1.487528419313935,0.36681662723335645,0.7961342169754105,0.11498283197954633
-0.4185619522614143,-0.6181463659674941,-0.15134002377261585,-0.24065115456041394,-0.7585531494649476,0.5122456030504758,0.08093266018491989,-0.550978234155643,0.1001536046769365,0.12366210286645896,-0.13775023980826961,-0.10626934310821526,-1.3904984021557711,-0.5013917906711973,0.5175424197749766,-2.20095010427038,-1.025902187737451,-0.7024686560489719,0.7065207313755809,0.1219108412545164,0.5623807614525665,0.3534365722688523,-0.27463324610159284,-0.14434440724072736,-2.27688058115915,0.007391597279556581,-0.0674898041180827,-3.110316746551364,-0.2601969958569741,0.646139145666591,-1.3958250622791064,-0.18995920182879322,1.5272745187101902,0.5472482775666795,0.5071057078204528,1.624249404092446,-0.8407739812628946,0.5405184846308888,0.5846010054389277,-2.297000016839259,1.6325561707018272,1.1938891233330944,-1.6321598076492267,2.581192088338147,1.456818059596834,0.3680197592308714,0.7902955151605928,0.1205711603226414
-0.41917390532613624,-0.6256772863255602,-0.1538049230183361,-0.22848012626990769,-0.7597361071569935,0.519011311807211,0.08742933825280612,-0.5519677513474265,0.11594585815764331,0.12895103562551585,-0.14642500133363298,-0.10962487629437023,-1.382294813983453,-0.4967660220381644,0.5183426977533763,-2.195466923316682,-1.0057668929235737,-0.6764680656754908,0.6627664480723643,0.11297224835486137,0.5833868355193249,0.3690163611680973,-0.2684341228796534,-0.13596576476515773,-2.2473141049932974,0.008926132936207674,-0.0859441270844576,-3.0855101843808894,-0.23754464598077857,0.6824645787347148,-1.4283627969270687,-0.17060299486777683,1.5284251806539098,0.5597786910516043,0.5148766517326159,1.6343223221367507,-0.8344232835069405,0.5407582134252336,0.5839682252755042,-2.2597819134139945,1.6306731962792096,1.1859967100758337,-1.5851005493117267,2.5642998907844428,1.465180126655623,0.3857286893383854,0.7954741091502565,0.11684678933362418
-0.40724207006072,-0.62367377812598,-0.13324873632447665,-0.22701922747619083,-0.7511506447237406,0.5242694062758513,0.1003451841383147,-0.5436269354424244,0.1222821047592293,0.1302245614022562,-0.13941509958845305,-0.10698784099532532,-1.3858466417464985,-0.4992048293442914,0.5302557522802607,-2.1715979711728255,-0.9820570818904928,-0.6370488021265612,0.5927014913691385,0.11291031728003113,0.6117333921644394,0.3827951195126819,-0.24276446995444906,-0.10989463022004904,-2.254032463760015,0.009014141172795018,-0.07755670172103832,-3.088171886487615,-0.21562486717436954,0.6995491385650372,-1.505768724481446,-0.1386194725739998,1.5067533537643087,0.5382830123708761,0.5730842342094086,1.6323464729142843,-0.8449641776029412,0.5403721119021773,0.5842677669920654,-2.2703228505063904,1.6301652196240684,1.1822909652490858,-1.5761979790203442,2.569067697490542,1.4594216084733487,0.37494197338495805,0.7997072048881744,0.11227701074709061
-0.3679079762510459,-0.6370436885918567,-0.10412034994191077,-0.2010527656969292,-0.7557900938802354,0.5264211452727586,0.1084981203101743,-0.554875462889761,0.13743549428545707,0.13282160134622664,-0.1411165050621334,-0.11355027917492158,-1.3839118315377466,-0.5037106908467485,0.5322910572379498,-2.1406662766929734,-0.9769988215544608,-0.6119609361515731,0.5383705409635401,0.109850267408695,0.6438606810568634,0.40438422361309223,-0.23376505294779001,-0.1065475242830962,-2.2550272314266,0.008203378970782287,-0.07249075947314691,-3.0831867048660073,-0.21162932956319716,0.6967198292480838,-1.5977411346449801,-0.10694938841492267,1.4901247119488843,0.5368656254298938,0.5961533792719961,1.6480416828658389,-0.8225756311902753,0.519401143822313,0.537790153313371,-2.2368971851432233,1.5877135501789275,1.1202342699235068,-1.6355674424215492,2.565342654567058,1.4215777285873081,0.36370878327489486,0.8062791503627026,0.1158504080327864
-0.3576543486918757,-0.6355451656226481,-0.09647422376792929,-0.19667185795270747,-0.7524458911952916,0.5264479900355974,0.11204398160500055,-0.567160568029295,0.15300445560227635,0.13645030035817318,-0.14281204333107525,-0.11627848123361338,-1.3612016622835812,-0.5115318316433103,0.5283394424116549,-2.1419907107833094,-0.9849633945416645,-0.6159421179166703,0.5142177548183544,0.10496388573947697,0.6457865330417392,0.4161185274091999,-0.22702501438230915,-0.101118825486096,-2.2403821080904995,0.008096161028572869,-0.07396317401643086,-3.0794559967775643,-0.2064311803285858,0.699497296210445,-1.6103673614720444,-0.10163941150222529,1.4894559720559926,0.5377333700696759,0.6084280357395312,1.6591831472071896,-0.8166492200988427,0.5128467356063355,0.5208210232818511,-2.2423431836836833,1.5786959173677289,1.111711845580055,-1.642372538854502,2.5697869591150413,1.4184205173825595,0.3698537518190773,0.8156550103859261,0.12128331683442652
-0.3540496118869738,-0.6422541682362212,-0.09581289028830407,-0.1928256881031949,-0.7621337491194546,0.5300277445383416,0.10941510969506389,-0.5643795716942656,0.1545488780568517,0.13296654836709418,-0.14636095966112106,-0.11480028137186567,-1.3559512068719188,-0.5171857553501381,0.535998641214791,-2.1335324710851107,-0.9777935874381833,-0.603580358336594,0.516871560286863,0.11042980639619873,0.647507804790484,0.41674836241033264,-0.22954614553139177,-0.0954379720781407,-2.245945304583232,0.007742857030220365,-0.06922140454309991,-3.0801029388641505,-0.20512152408776235,0.6999052601041502,-1.6275572462707184,-0.09762143229647323,1.488465669965278,0.5321463648050745,0.6106875614928907,1.658317028058062,-0.7945254407430149,0.4959640853847877,0.4803055206345123,-2.224025662172074,1.5642139760068703,1.1014474574533177,-1.6437106798517855,2.569657644431089,1.4221897080761872,0.3711645068375695,0.8166753165948675,0.12631786362020034
-0.358681492679698,-0.6488024067055677,-0.09753290152658298,-0.19475020459809977,-0.7572910124790059,0.5282393855321714,0.11510143265525541,-0.5679672714544348,0.14986224638209283,0.13363645617403389,-0.1411174237226468,-0.10827707422299244,-1.366081628162029,-0.5202869198296474,0.5406227009917367,-2.1340444717083233,-0.9800740035268933,-0.606839021983394,0.5036775866427239,0.11304160142293304,0.6540652542800438,0.4170997154733703,-0.22692961720756247,-0.09529199104534404,-2.2579920891712364,0.007080309361504184,-0.045977712004295984,-3.0878847091656927,-0.20505370637625714,0.6974003017787546,-1.6340414761268078,-0.09269839099901739,1.47837829104563,0.529621440149103,0.6215424125941105,1.6563339359144815,-0.7978995634212034,0.4944991241719781,0.4773782730046558,-2.2205235386700366,1.564033705305195,1.0924920553312474,-1.6567277329047798,2.5655842695425206,1.4092665127081943,0.36212321730261166,0.803001833314483,0.11516350871710661
-0.36577397849816246,-0.656888727600547,-0.09240330084365679,-0.1951451439229801,-0.7662412255460364,0.545556930298348,0.11606358291229904,-0.558930244771946,0.15132533985615151,0.14062581256558587,-0.14276537447273147,-0.1118869366398707,-1.378098087487485,-0.5232394660925989,0.5531923878490018,-2.1471808746954753,-0.978564382870691,-0.6096595563029491,0.4462731302507541,0.11466822469237323,0.6643625334928459,0.41519987510181633,-0.21739046381502206,-0.07751901425406296,-2.291434914506951,0.00695538175366118,-0.04180920348728946,-3.091706162552059,-0.19605647125332618,0.7077540432322904,-1.714651527032759,-0.06538411277914484,1.4543221626581166,0.5125193053827359,0.6427185338475565,1.6230144977389662,-0.8105274639104735,0.4981276921806658,0.48832685987121455,-2.2391402939194607,1.5577198915688228,1.0924777604489693,-1.664008531754862,2.5489362683263326,1.3756168256420596,0.3539061634657145,0.787661276779952,0.1170214635264514
-0.3703434000156942,-0.6617770859268699,-0.09259711573999059,-0.20607494845303118,-0.777087359987461,0.5599168658879076,0.1157913873880021,-0.5769604462294606,0.1572054132586337,0.14185679942784343,-0.14797729768287315,-0.12031812376371502,-1.3765527155328425,-0.5225123291454151,0.5574135638211395,-2.13731121055573,-0.9529539114440131,-0.5697034461577687,0.42616610643032066,0.12424801480670321,0.6744678392846268,0.4226704423184035,-0.21104416379417484,-0.06312922648521986,-2.272623398792004,0.007279975506186073,-0.04678001182908498,-3.079594281685421,-0.18423023991417983,0.7107379072053557,-1.7707726783153137,-0.04367812211520865,1.4350210549028737,0.5049142300848373,0.6540992452472133,1.6172087034454203,-0.7907161161224069,0.4852314685821914,0.45721004619372635,-2.17136043079087,1.526277550257114,1.0472982351464675,-1.6453866285122252,2.5121690419699005,1.3389581314580117,0.337050432108233,0.7712461004382667,0.10257671986001797
-0.3610705005313255,-0.6748330620556603,-0.08928596875264005,-0.1952741066173895,-0.7686711062775065,0.5610760610116384,0.11900386612576745,-0.5730973265399608,0.16852796294252398,0.13748113505679868,-0.14280661354526022,-0.11243297765938592,-1.3799614192818184,-0.5260750909795996,0.5673862678158584,-2.129119615692567,-0.9420222573654529,-0.5570690460466503,0.3815876419771493,0.10946165195550671,0.6849004672430136,0.42548059188721893,-0.2072140796909827,-0.06803500627540532,-2.276040761743996,0.007345438334049428,-0.05187174418985023,-3.0712522786086924,-0.17248080458976522,0.718723043904853,-1.8207823081724892,-0.0221418832798626,1.4184742960917356,0.49640249537538056,0.6673818943071198,1.6083630002495328,-0.7820327662745707,0.4733145688532561,0.430324517615883,-2.1497672417212272,1.5053766137547342,1.01865382911591,-1.6311066432610593,2.4936311978365198,1.3166532598892244,0.3390699614593892,0.7721556794374429,0.09511266595496594
-0.35694100919051047,-0.6930695253140469,-0.0697884024709353,-0.18396713202731246,-0.7728210911336485,0.5733476081350161,0.1264771869576686,-0.5642872936097713,0.17323786620367523,0.1351493913447244,-0.1428479795378541,-0.10770706288019452,-1.384934092812814,-0.5348188001879935,0.5865154765574525,-2.1095733504844145,-0.9138079740733736,-0.51106461630152,0.2710097491093868,0.11620893872799114,0.7165064752170162,0.43990925736889797,-0.179572821118158,-0.038321617353525225,-2.322290365439202,0.006835467920769365,-0.020075888793042868,-3.07037912833902,-0.15140322737093065,0.7283987011875288,-1.9512309169537867,0.031437803799745125,1.3762988815167259,0.47731381459388394,0.7213152795921552,1.5614908910561904,-0.7854128288456359,0.471846893248111,0.42837057375971027,-2.1186967025885672,1.482112385986917,0.9827642173844946,-1.610612259194732,2.4477209377277895,1.2681957987048433,0.3186670522406072,0.7452560880488267,0.08445121792358466
-0.3690021989687098,-0.7156461191414671,-0.07837434613527162,-0.1886586630327272,-0.7785062362013373,0.5900099094850123,0.1307684053778176,-0.5581639980619593,0.17887286103006017,0.1362334884760922,-0.14281807765073204,-0.11484942359802798,-1.4084989028758585,-0.5395006823763184,0.5970080267670618,-2.1282447575168124,-0.9043781852152535,-0.5106603139532949,0.20946820605387945,0.13018378517591778,0.729334820836074,0.4337451449635414,-0.17099057099737525,-0.01888575451426728,-2.3609061091022037,0.006966092001022587,-0.02048235646354331,-3.098447862763224,-0.14676803127011362,0.7034822423976055,-2.0932452455337716,0.07233801350185753,1.3287245629222775,0.4478368125968555,0.7513368978946954,1.523362661494285,-0.7786338476959632,0.46249235470893774,0.41505211959340693,-2.0859685158575347,1.4427788339043883,0.9346673665821768,-1.6280060290825151,2.405753747941216,1.2164224313040992,0.28653632925546624,0.7045303596282372,0.08034569543366843
-0.3780804600351891,-0.7264604084893688,-0.08593337729308761,-0.1993788450187149,-0.7844519455735505,0.6030086559126403,0.1274424932048773,-0.5718214209559365,0.19012332633488224,0.13752962999027568,-0.14455424863078595,-0.1128554092984292,-1.4112000080608798,-0.5518674658179283,0.6047710408933379,-2.129713308700329,-0.8997363904884047,-0.5035334086983251,0.19126106738415405,0.1353273796218747,0.7370081816061804,0.43336211640438704,-0.16740543832318425,-0.01522008454192897,-2.3661175158141203,0.0070027277381173505,-0.020482325412363465,-3.10456514293824,-0.14006534677052576,0.7027832359135481,-2.1198181320712997,0.08163077504677933,1.3169597229253012,0.4396144840201527,0.7487368159005745,1.4947554375320466,-0.7595586137188107,0.44278085694871566,0.37056530086917183,-2.053602828673508,1.4257091393225756,0.9120030868751302,-1.6038745622708084,2.37013111371677,1.1836740343733492,0.28064216694403693,0.6894301481876066,0.06843109903119271
-0.3991844484867504,-0.7322513027222701,-0.1006216307028357,-0.2307651436011256,-0.7992915363261797,0.636538445008218,0.11091034984205393,-0.6162997979675868,0.22106636703264254,0.13755617778831086,-0.15329586156090616,-0.11353113865204045,-1.4367886081154428,-0.5462074915659271,0.6028848927251191,-2.1729416229946725,-0.9231327480746412,-0.5412172907130378,0.19625532915320862,0.15878490139698076,0.7325662828893225,0.43251036747030897,-0.17816636786257645,0.00619981462507122,-2.363876041518272,0.007503773029677438,-0.05640024651463121,-3.120315216410441,-0.1348134941044134,0.7050622915763484,-2.157784650686266,0.08710529695730809,1.3140038987298892,0.4379033678803469,0.7433971909759003,1.504599457032785,-0.7252585000692326,0.43299792750645616,0.3353961069838628,-1.9883899540897099,1.3933520776202637,0.8547260293468588,-1.5510007121609302,2.312324038379377,1.1475833216587086,0.2729445905934204,0.6592780142464066,0.05770663572178651
-0.4201604227507869,-0.7362492372566753,-0.11465258463571847,-0.25367884981681205,-0.8065450507803831,0.6573925828090169,0.09703361767955505,-0.642043416119458,0.23380280916510188,0.13955268337024024,-0.15675896549724488,-0.11626095716758532,-1.445963694559427,-0.5349232108269107,0.6016435284260063,-2.1945505988920813,-0.9132208125673403,-0.5371908868632251,0.2001204140595827,0.17594015718830994,0.7373607786349274,0.4326046635115981,-0.18968884976651057,-0.0068002863680854675,-2.3249572904809668,0.008686687238641175,-0.09446157829431424,-3.122170739482352,-0.1208923241019838,0.7339440527315355,-2.1612153896649744,0.08726459848997163,1.3246596202228247,0.45862522959503516,0.7340879851018117,1.527470580696983,-0.7005197990747299,0.42413460046950796,0.31454285598926557,-1.9222510764940386,1.3735651465546463,0.8205158214604407,-1.4624544522870428,2.2781956645554255,1.1449242493397112,0.282928750092819,0.6451251704043199,0.048872644818883516
-0.4637320805018587,-0.7247425729052539,-0.1628582362787187,-0.30894986314153233,-0.8160867640333577,0.6737117060267176,0.07921347564617393,-0.6813722543364025,0.2391123682307548,0.14287657925892977,-0.17068401036699413,-0.11770685252941605,-1.4568178864521948,-0.5173731730888571,0.5764485477443103,-2.240228667543375,-0.9184046524602726,-0.579056825226257,0.22989041653907258,0.21813313537772835,0.7111769723654481,0.41809870241809544,-0.2107654109908554,-0.007314950296618855,-2.280014189820751,0.010986662061475918,-0.1589649460750708,-3.127678820051925,-0.10886492926201825,0.735856448369181,-2.1506837736157776,0.0765307269113039,1.3355899185530022,0.46300602353905446,0.6994757311443379,1.5347249015942943,-0.6753631401621181,0.4194142941075825,0.29004130269311784,-1.8585846568136284,1.353991012124639,0.7918340071380491,-1.4243602132576025,2.2521953045228087,1.1243605953841829,0.28903654092219266,0.636147524629007,0.05307581817509633
-0.48115363016821483,-0.7157176929933421,-0.17906852237705942,-0.3295647841635513,-0.8159892726756245,0.6793041980885627,0.06844104560109436,-0.6903226738318239,0.23821443058078756,0.14403118077919883,-0.16541697753325593,-0.1250446306220098,-1.4451799521477233,-0.509463712785359,0.5581144745121845,-2.254921207295255,-0.9226760915710691,-0.5982734114692237,0.24644777457715333,0.23316164924059768,0.6953686316391655,0.4083228995998518,-0.22658798449397682,-0.007967706453184816,-2.2322004658187806,0.013800525431306658,-0.19366318072115093,-3.112984440258586,-0.10515488233940185,0.749144420364786,-2.127272114717996,0.07023506888049523,1.345022702665044,0.47320683138059927,0.6893719263033249,1.5677201419724693,-0.6656855887436401,0.4155211606683943,0.2850285207470748,-1.8334371132147416,1.3533931508630497,0.7946065334686938,-1.3866479935349516,2.2401923100386574,1.1501611845062687,0.3005061382687844,0.6412783222040653,0.049120517221323434
-0.49600661882190605,-0.6837772468436878,-0.19852951165343022,-0.3529608637376384,-0.8058237996258985,0.6600185746506811,0.048215956039882685,-0.7241719102684806,0.23799719959993554,0.14243158454338925,-0.1759197252155787,-0.1256722608382041,-1.4239662324036457,-0.48155850700769387,0.5111523192795824,-2.259913194707758,-0.9168580533537435,-0.6119140261362795,0.33297510711399003,0.2569169824316962,0.6593678381851494,0.3958713407435359,-0.25960805318449304,-0.034444436924179714,-2.110227175770652,0.02241932670078932,-0.24816808716301286,-3.0690145561008917,-0.09990795021243934,0.7610874501156906,-1.9699326240524289,0.02030961690737662,1.390609396562681,0.513671781199992,0.6230941812145685,1.6164349134442482,-0.6141144318840824,0.4085072623591407,0.2562071108229628,-1.742722272352368,1.3458759513094534,0.7669117642635852,-1.2897985004651695,2.226452461117285,1.175641099002722,0.327557268277588,0.6516761395529268,0.05296804319611766
-0.49676050015097767,-0.652091036080433,-0.20070177141182188,-0.3679661517127329,-0.7886449523562358,0.6448477546931067,0.030284190137796412,-0.7397661602798322,0.23639628715894384,0.15618278386924933,-0.18616565519211312,-0.13217616274397545,-1.4107605586114838,-0.4648033417187805,0.48442466046431737,-2.260031359403676,-0.9266762121561417,-0.6449935748911648,0.3997526320968914,0.2798250924893244,0.6269822839346538,0.38142857892631016,-0.282703794654715,-0.04474092603356624,-2.054295929353302,0.025915835326514064,-0.26572678413294515,-3.0502168718823612,-0.1078007080132051,0.756621724687256,-1.866179941415044,-0.015472004381266613,1.4165758150001935,0.532800925316464,0.5735248803202606,1.6469401250885594,-0.5957250583387991,0.4034292484454594,0.24008263343432115,-1.707821093598541,1.335087008733936,0.752029711365708,-1.2480769604078468,2.2166076819914458,1.1996086620005957,0.3480725386092249,0.6489076170456614,0.05669890155680533
-0.49233425559650335,-0.6094292915019752,-0.19977746892540132,-0.3761500736822183,-0.76816179234442,0.5979015664052145,0.01757129529456725,-0.7135857128358235,0.19720611302142838,0.14619901529214122,-0.18981895925959807,-0.13003255698925845,-1.3728606628089794,-0.4503319108723482,0.4430903939725324,-2.222805958622692,-0.9108149821727487,-0.6382577323178557,0.46998322815928956,0.2891476159320602,0.5661687296087526,0.35213104712869836,-0.31376328218698907,-0.05215230457781589,-1.9810075366928417,0.030872744053249936,-0.2799793876293209,-3.004489373702299,-0.12580783298184461,0.7308149436701193,-1.7145766149759571,-0.06436141296615518,1.4306627880328044,0.5532668437641931,0.5048850541571038,1.6548326460301366,-0.5790404705870095,0.40505746159038203,0.24649206944800495,-1.679391805388064,1.3419242761675236,0.7709479331302022,-1.1899096326845473,2.225285884297978,1.243439791403732,0.37803244080631415,0.6654451712484825,0.06405870275359934
-0.5025922341316088,-0.5913144620821111,-0.20357770843827,-0.38347403181815326,-0.7419439019614227,0.5613754707357987,-0.0007864852523766538,-0.6717431958678747,0.16730936941400845,0.13143522682903735,-0.16736069637473217,-0.11642948980386421,-1.36795197049437,-0.43960986991212414,0.4295692608605186,-2.211588210676432,-0.9199792687236258,-0.6660721116286507,0.5100215899850976,0.3041232685307951,0.5044149987235347,0.3151664849508925,-0.3369687773069518,-0.08213960091297721,-1.964518245677001,0.03226187685716948,-0.28767995599946083,-2.986458664785069,-0.14275446006181403,0.7107662009788068,-1.6318467596007566,-0.09389506437310785,1.422791653431351,0.5378806089039206,0.47450906882343674,1.6373613630204413,-0.5862824334430197,0.4076389816142189,0.2550740391694221,-1.7160685193893774,1.3574287042124196,0.8022577754783875,-1.214270827903017,2.2323773232774413,1.2713381630383207,0.382481899101428,0.6563712310705414,0.06842496457171432
-0.5253027119136382,-0.5797358979913291,-0.22218414022325808,-0.40875755180093254,-0.7450362864943165,0.5689865390029388,-0.008914763288822916,-0.6619523956775236,0.1469135034312099,0.13049708619326655,-0.17262248966940283,-0.11048486184505017,-1.3840149703019937,-0.4217305750100543,0.41182031917553735,-2.2209441706544535,-0.9144992459057701,-0.6828336080378551,0.5484234694458777,0.3123060247430954,0.4709019470364741,0.2698505027667794,-0.37986639974186087,-0.11939358486546897,-1.962656141040672,0.03313259033081979,-0.29205355036621833,-2.9715981082645464,-0.1508105928484658,0.7101302309355983,-1.5475111170683171,-0.12228957131347257,1.4308964391805803,0.5536035071082829,0.40125703662013396,1.5864430658859006,-0.5874727339231592,0.42553891411422606,0.2768774861469735,-1.721351723352713,1.3735470817565019,0.8188031311221351,-1.1869846478435577,2.2158678675515646,1.2678003068584014,0.3784812178113208,0.6448830277093816,0.053660808125850286
-0.5578164582361068,-0.5854677335379828,-0.2480911899546537,-0.4277261465971768,-0.7387111015825993,0.5648493055942578,-0.030986010579033742,-0.6555301077761585,0.11436395234659916,0.1226747360807377,-0.17274496021166572,-0.10142301774932953,-1.405038196898884,-0.41641790503523607,0.4122737950277865,-2.239460395433885,-0.9103696210014889,-0.6955220484867733,0.6073563636858368,0.35268433110210534,0.42430618376096557,0.2525211667733062,-0.39699025090593837,-0.11793500173297482,-1.9491435946315883,0.037395025192859456,-0.31190713446959895,-2.969506849145463,-0.14959311306438644,0.7149402517312294,-1.5067182016992702,-0.13795536332111002,1.429962781652633,0.5568198431573492,0.3677808202470513,1.5790733695249897,-0.5929910865195073,0.4281135234581915,0.28845588074948414,-1.7182658791526138,1.385787144272821,0.8318573686363745,-1.1740633987152869,2.211094709074885,1.2723920414133685,0.37717583935750926,0.617457652186456,0.04552346983652086
-0.6032091909717342,-0.5631222700873678,-0.2724490790993422,-0.5040707758537208,-0.7163834126663844,0.5521954630265519,-0.04693101665097105,-0.6219316135615798,0.09258410248343518,0.1166820070103021,-0.17456371416525915,-0.1151941958882622,-1.4257503418379505,-0.37926313039319803,0.3925321857944448,-2.2765740663277407,-0.8535083613727138,-0.6670574000357979,0.6222197881775657,0.3791053417240609,0.4093082043986178,0.21948503265957123,-0.42945850273264286,-0.1336148190477282,-1.887257909715643,0.05108302240207421,-0.3567085503096536,-2.936211514892715,-0.10846460209110698,0.7455810050850316,-1.4839323411398038,-0.13752189200672643,1.4386951946609994,0.5822360193344653,0.31357437333050053,1.5637548636407077,-0.592263875083345,0.4501698923120317,0.3244268772521916,-1.6675110829704296,1.4189244825184926,0.8512027042501465,-1.0196334527021789,2.1800418520319265,1.305398507467089,0.3958801141869027,0.6143033345037918,0.051831816359014155
-0.6452419243702484,-0.5483290244670405,-0.2917980217527262,-0.5314282053416921,-0.7143745541088022,0.5608485451482147,-0.05409958268222216,-0.623282737065502,0.0809338569500408,0.11366854976174011,-0.16587521131710914,-0.10563065745724318,-1.4337621925513364,-0.358914616060946,0.3872463630231832,-2.298460423404803,-0.8274735572159583,-0.6580405483442653,0.6316329865071412,0.39373722068333417,0.39690108751407627,0.21002604837709163,-0.44175308906464866,-0.14958659832857735,-1.855127380175137,0.05974007820572743,-0.38897948332852056,-2.914266474120138,-0.1019995471219012,0.7586227741601451,-1.4663976720115104,-0.13967495274159453,1.4471357516613172,0.5896144140129924,0.2920807180971874,1.5494258908198721,-0.5942426359752111,0.4557005081455845,0.3285639307812954,-1.661348809872546,1.4354560354488322,0.869758055198959,-0.9712963992917952,2.156665263609601,1.3028906804983615,0.4043154480688341,0.6083278932779245,0.04287035325114017
-0.6873002532122273,-0.5506937493431303,-0.30889420344762436,-0.570468280725274,-0.7009518939363546,0.5632723637252285,-0.07041117557090652,-0.5929368841001412,0.06432990215743191,0.10920956258247017,-0.16418313081432548,-0.10814671666262476,-1.5091749364892963,-0.3175608486006693,0.3916897066078488,-2.3349040341162395,-0.7805920486033736,-0.6211494525254422,0.613117812386925,0.4103084473423315,0.39038417007413173,0.1881372144546342,-0.45587677567355944,-0.15438609404343645,-1.8579060624001513,0.07057802204387571,-0.4558664634633038,-2.915062850883111,-0.06880381489116374,0.7895397938477342,-1.50454942192353,-0.11705807892039174,1.4296000513859966,0.5854394602537949,0.2763406374655567,1.5105364569560034,-0.6109556237145205,0.495393005770754,0.39749443167542003,-1.656403537151743,1.4566715302708808,0.8963721342395892,-0.9142251154443543,2.137882171751004,1.305822690184099,0.39455501130654486,0.591765617725202,0.04506306104130866
-0.7352797194751848,-0.5684471591450138,-0.3348128888295918,-0.6088348238690198,-0.7143305420549373,0.5998370252130907,-0.05538579264833386,-0.6036227176915184,0.0761652029444513,0.10482453015567987,-0.1590026774348386,-0.10038119417068175,-1.5390064369127257,-0.31546899314224824,0.4058728018096188,-2.364830945457119,-0.7566040901905183,-0.5993826766789989,0.6103037782514982,0.4230207339245096,0.3930306310970999,0.18376011068985187,-0.457795764289561,-0.1529780449789932,-1.8655581574135,0.07175948684261342,-0.4630070557073707,-2.901555982010276,-0.04901079882233038,0.81560736350678,-1.533187170186537,-0.09970266133129871,1.4130320083028283,0.5856771492725769,0.26885067153423303,1.4623212661293068,-0.6193175588565951,0.49513199380517336,0.40068765614375235,-1.622473166994222,1.4476462936888426,0.8686687460302259,-0.8584852724539266,2.0890244369711217,1.2497866556228674,0.37972659209353327,0.5615845641814481,0.02361153726091293
-0.7427209598965074,-0.5805322214454163,-0.35288293827683426,-0.616701109854982,-0.7301622831666689,0.619227423571945,-0.06257167072667918,-0.6301923164834318,0.0929687886381421,0.10704075980782145,-0.162467370332195,-0.104448240016819,-1.5389285723436794,-0.3134562605612464,0.3954388064561692,-2.375079863887037,-0.761536976978221,-0.6087950503145783,0.620375445916633,0.4385800025055727,0.3912667694391153,0.18740246076781106,-0.45930384851597666,-0.16234974369877125,-1.8743977807150969,0.06858213677713355,-0.4523387730501946,-2.9069597204990334,-0.048736192178848246,0.8068186488535987,-1.5318944871688034,-0.10375569208072698,1.4143962456441812,0.583154628300416,0.27421408878623366,1.4595374051382817,-0.6150365356463513,0.48559802481857356,0.3806862344739097,-1.5964825939841045,1.4205528614065028,0.8345723394658602,-0.8719789561749602,2.060582901859793,1.2058939198640646,0.36391220817935377,0.541160904212276,0.01960302184029357
-0.7479742612668172,-0.5899582740232805,-0.3571155383098592,-0.6293308312414718,-0.7406551966615011,0.6439135236683569,-0.06228191425952339,-0.6832050352158382,0.12656249516493348,0.12055800298374128,-0.1710202788761588,-0.10867332577021199,-1.5316758583851326,-0.3182541288364182,0.3945612208728262,-2.3780535327137895,-0.7649405382697068,-0.6050993175093315,0.6479444671517555,0.4596333349668902,0.386895524773056,0.19754653433456415,-0.46162996506858145,-0.16747832498745532,-1.8364616131645064,0.07658188909105702,-0.4787407028443675,-2.905041567183837,-0.037444797439607595,0.7997307136501981,-1.565418603750447,-0.09611308903373196,1.4042410417701234,0.5715185138153344,0.2943201574332716,1.473123334395787,-0.5933600064366237,0.45848696248088205,0.3327515039365815,-1.5537350444040283,1.3624760618457081,0.7694963064320512,-0.9152884499706222,2.0187290261824455,1.1488893679622292,0.3436792019563477,0.5267024142776174,0.009041380659106655
-0.7505418604124411,-0.5951178392516362,-0.37003871282834466,-0.6394611156134419,-0.7529900076339149,0.6651389353800538,-0.055451276634075355,-0.7113282083621499,0.14375059749189997,0.1252563389528558,-0.1814332498688562,-0.10818131772680907,-1.524661989782805,-0.3191677725845752,0.3927497172237228,-2.3728306200394895,-0.7568184025311151,-0.5854055531820169,0.6331520777122437,0.45243481949779035,0.40138124366643535,0.20412393893156103,-0.4606388351188435,-0.1520958249966338,-1.819282812184449,0.08189065742456075,-0.500843009136364,-2.8935553197956674,-0.03331369236986683,0.8020368811772546,-1.5758053017281382,-0.08937944675192074,1.4027573034155916,0.5692658501522121,0.3050485226753957,1.484388244591019,-0.5740869397199078,0.45208312890143715,0.31375448449305704,-1.5121887012826838,1.3310177266787255,0.7273944019396653,-0.8939545941230503,1.983717382218332,1.118944039377238,0.34006041587157393,0.516214367163953,0.01563205029441659
-0.7421789073153789,-0.5912550850762408,-0.3541917380700283,-0.6436878282827683,-0.7461652626742572,0.6673488616264623,-0.05727737361002767,-0.7279726667883878,0.1515826000104658,0.12312002774781547,-0.18669830302352342,-0.1155636869234881,-1.5128040785981167,-0.31432231188311116,0.38975447731057333,-2.3612069069435817,-0.7394033178474763,-0.5684393064557998,0.6341169798551506,0.46072717119738227,0.4036062464953762,0.21438565676410953,-0.4528968738979569,-0.14307618219763313,-1.8010908818326257,0.08521699632107561,-0.49851653235429133,-2.875455104927193,-0.011593156969392464,0.8179360435509407,-1.6096159021571605,-0.07290979282659674,1.3965946694116393,0.5696930956901073,0.3137839528912244,1.4891843822968445,-0.5641703735487329,0.4426214212015268,0.29687710373945975,-1.494848927669555,1.320258108455945,0.7117986550041815,-0.8708964812451117,1.9558150228755171,1.0930256898955264,0.33541214162121213,0.5183509137447833,0.013098576560801125
-0.7142244084729458,-0.575897341980161,-0.34008987877710684,-0.6460200091958127,-0.7478527882133428,0.66752905990944,-0.06363028529586008,-0.7589809208703248,0.1811825529690315,0.1306759138198851,-0.1865854471903902,-0.11228339898119448,-1.488038866427899,-0.3101647050878255,0.3573139440521553,-2.336636355475138,-0.7281711590542909,-0.554060957215708,0.6168151870328644,0.46830504494562547,0.41091176199449764,0.22454015616975223,-0.44862472205447257,-0.12826546215901177,-1.7395847769020267,0.09715426227543249,-0.5151836627409455,-2.861004990188935,0.00463567938935204,0.7968490250193169,-1.6423045496276323,-0.062373939391589056,1.3840672083657033,0.5646020460502862,0.331824061922579,1.51544066812652,-0.5420662458451608,0.4126769072573226,0.2444678433903158,-1.4422744371181495,1.269194983066257,0.6600924929388134,-0.8938818427583383,1.937991981698919,1.0608262791182232,0.33200724137105664,0.5148283105735535,0.016417044036910307
-0.687780414024892,-0.5555585859573055,-0.31998912126333634,-0.6350566302791921,-0.7400966148107871,0.6545621972753394,-0.0646546804061621,-0.7691946826138356,0.18173649515664672,0.14168042506359121,-0.19512942680537398,-0.1216396478553822,-1.4480478130459042,-0.30400849998233886,0.34372531457472844,-2.312827778548294,-0.7270718699288669,-0.5436028842030545,0.5996802301871591,0.47704465879091945,0.4153235692559326,0.24383225997031155,-0.43738668431537864,-0.10310779197982818,-1.6890452941727585,0.10474702715168524,-0.5145645254487015,-2.8479868074793124,0.01748171497282161,0.793068987812436,-1.669558536759312,-0.05615701666322573,1.3884953243967133,0.5552063916399615,0.3555842483676621,1.5649563311532755,-0.5135212602039967,0.40074873635577823,0.21828180599585528,-1.4103366369715413,1.2448575309485148,0.6292229814294077,-0.9058154684677358,1.9491997695326193,1.0649278162295928,0.34329926659164106,0.5292449537233482,0.01589417062247249
-0.6904946045574173,-0.5447000378434808,-0.30990524454168655,-0.6416547133128675,-0.7366660251026071,0.6564374819659319,-0.06368291241930175,-0.7788712720168982,0.18713485638629612,0.1358173622792703,-0.1952226420014702,-0.12537441026352897,-1.450147937222099,-0.3017850484573254,0.3521508936060386,-2.30289679231404,-0.7085174446145828,-0.5170125781360234,0.5821804536446711,0.4707991835826385,0.4277244569047311,0.24289578569871262,-0.4413071984623126,-0.1061251166100943,-1.6611464919404557,0.1139928541268051,-0.5196352960624794,-2.825320436875282,0.030939936959821734,0.81232173114924,-1.6844716313872385,-0.04292847126345478,1.38879280093172,0.5630617374703323,0.349876662444744,1.5780775379909127,-0.5133848172756503,0.40076800389759515,0.21606303244883948,-1.3815747095008806,1.2409449161603079,0.6234017977212062,-0.8892099716930133,1.9422507648414216,1.0668583484519587,0.3446091777822335,0.5384449453612417,0.02167738312712455
-0.7028329373915158,-0.5483073708061891,-0.3182054997656259,-0.6500744269763248,-0.7358925675238527,0.6712129575929211,-0.06391313400488853,-0.7934219965418579,0.20495347280054205,0.13728370442366675,-0.1951994520346235,-0.1244406059463773,-1.440302437022963,-0.28934334169107423,0.3477955250378611,-2.2772267733205784,-0.6735449850287482,-0.4651224738312262,0.5264638887455705,0.4521058740114455,0.4491872945361447,0.25258118947148084,-0.4334125507222092,-0.08418572554614066,-1.6138777773642565,0.12544485296137428,-0.5105237224958695,-2.760907358777512,0.06585441399969573,0.8349579231391308,-1.7020127932307103,-0.020445365308965638,1.3763704398630183,0.5606397375024083,0.35514100846466373,1.5591252681689427,-0.49667959173167303,0.39825868785256496,0.20887195501082936,-1.305878606717369,1.2101579842077859,0.5692922057622051,-0.8212236136940001,1.8878247326668507,1.0291100962479585,0.3430517694800992,0.5254938889473039,0.019948190846412726
-0.6897757332681151,-0.5387336247546085,-0.30525268587850934,-0.6469627293082427,-0.7276151736998548,0.6684061009531052,-0.06706798753594213,-0.8028855349633238,0.2142335281861092,0.14801069168433698,-0.2037398044818954,-0.12145370235637261,-1.4175019355395395,-0.28422176785905134,0.3341356904359308,-2.2415453423540384,-0.6423230057317731,-0.42805825185783286,0.45468825619418013,0.447812600167341,0.4498743986644874,0.2571839782860335,-0.4267749559965597,-0.04011824095306729,-1.587976861382206,0.13002885026469707,-0.5202938462261644,-2.731264761418463,0.08440148660613263,0.806894825970909,-1.7214891325412292,-0.003339266374007381,1.3391147456947297,0.5442499380107254,0.3667239188304387,1.5443424392593814,-0.47525749315827576,0.376366213090273,0.17693200978836782,-1.2493340306278349,1.1560638527926352,0.5185648262956761,-0.8103122923298498,1.8348399881595394,0.9781967894905802,0.33206086001790625,0.5165654988838433,0.015598815602220614
-0.6808220162371565,-0.5308235969235123,-0.30150485181718245,-0.6434788001981374,-0.7212363916776776,0.6616394557843017,-0.07471611700359711,-0.7940376982924552,0.2131931724643969,0.14346465306301684,-0.1985869795559624,-0.1229795223935597,-1.40313401543964,-0.28660856062507717,0.3260204072897727,-2.2105061213038772,-0.6207212015519944,-0.40728527522629565,0.40313810890938007,0.45040398599196824,0.44735166605668264,0.26066663299972365,-0.4165656236215766,-0.0031871323209462683,-1.5834127585761815,0.12960398161102324,-0.5275257484398849,-2.7266109001060426,0.09207140350538898,0.7960159564697199,-1.7803707569431861,0.018372331585604796,1.3110822451711595,0.5124755035445784,0.40589139288639386,1.539875268228128,-0.46979149032848755,0.3612164676276945,0.15436878420337233,-1.2430636469563658,1.1339220910364713,0.4926044565254649,-0.8564407183955752,1.8181513688952484,0.9383798889937832,0.3123198150628235,0.5179992152548198,0.024841430140305088
-0.6750209995843387,-0.5311312028042721,-0.29174142626030247,-0.6491677297788785,-0.7129784761240183,0.6591805343336418,-0.06751395031863942,-0.7833554009312939,0.21227136162667276,0.14406704385274588,-0.19683209702630325,-0.1268854667279964,-1.4157553744490468,-0.2861426866773189,0.33787644700188174,-2.2103919540252317,-0.6247228769827563,-0.40825635456312936,0.3712651656271575,0.43569556505415574,0.46536710575206586,0.25613100847398945,-0.4164650537354785,-0.014242593181055998,-1.5949450347846628,0.12914970932565775,-0.5363496299612434,-2.7332708194231756,0.09624181271906464,0.7975234089013574,-1.8185584243326267,0.031511924364807216,1.3013419302254206,0.4973933199237013,0.428120962992304,1.5330589947139956,-0.4761385896796189,0.36805828767458443,0.16555470368739597,-1.2685533287453992,1.138898972420205,0.5136749631728469,-0.8650056330786218,1.8264733925801728,0.9435694048216715,0.31760327987323334,0.523619701800362,0.016856851137933178
-0.6575523683990929,-0.5643746337438514,-0.2756542265778687,-0.5830052854653976,-0.7068155561036852,0.6739797037552633,-0.037292481121958994,-0.7399410913310968,0.22885876656506635,0.13703189646019706,-0.18648036230160772,-0.12238867170823764,-1.4129951786715087,-0.2991783495317408,0.388197865610342,-2.127502291336942,-0.5489615059824621,-0.26621036382435354,0.13080803099169594,0.3347958549319725,0.5698974412514304,0.31301964346936595,-0.33732546347839415,-0.0024358982277465496,-1.620816134394008,0.12578813683283152,-0.5047500399824821,-2.6530600665352195,0.13374662625158054,0.843090315548343,-1.8753013416452982,0.10430226619255731,1.2515958985892657,0.4834313759667453,0.5014782616096158,1.4435668742223227,-0.48899674096459056,0.3706475419235354,0.17665185634757608,-1.2192776857475671,1.1243110802066671,0.48678540539802706,-0.8412760329384885,1.7977553211723454,0.9241605766261336,0.2920493460189398,0.5199758808476486,0.014510438946991597
-0.6122091310377369,-0.5826178344323486,-0.2410319449808066,-0.5426315526085578,-0.7010561596087177,0.684005620774943,-0.009135821705565164,-0.7252242097231236,0.25110626424977583,0.1454447171151092,-0.18634555249714682,-0.12486867937590873,-1.3939596769085791,-0.30754078854291367,0.40793967316953855,-2.0552814495023335,-0.5019911300313213,-0.18823104404547772,-0.013773701549241991,0.28608900043607316,0.6319524179953391,0.3544728909543035,-0.2918469422164429,0.025590383786249483,-1.5917444602712085,0.13369825006675284,-0.4981053877192617,-2.575504647836662,0.1634404660954538,0.8440521536209026,-1.903698928540921,0.15068957788434592,1.2132527662343702,0.47298725064805647,0.5539943790342887,1.4178399861208646,-0.4715172409181196,0.35568807140170833,0.14511772576038545,-1.1601122823374483,1.0826905146944679,0.44091635360103676,-0.8070416573946556,1.7423758088310832,0.863157432328862,0.2873432732021014,0.5187576676925518,0.012377076664277906
-0.6022969371758418,-0.5842554080002691,-0.2425522885425834,-0.547945706027884,-0.6921121233181885,0.6950202197125026,0.0018229118092542558,-0.7188071217413764,0.2789693925651476,0.14608856646969443,-0.18808395395734118,-0.11859401779661018,-1.3886653168582868,-0.30976301383957017,0.4095584884652946,-2.0360991033938856,-0.5028576643643279,-0.17679176118982418,-0.07033256101364983,0.27735732458679385,0.6531953969310895,0.37702004986084164,-0.26889775985955117,0.04717246902699768,-1.5987973461327185,0.1325183048729759,-0.5095766176487213,-2.571819845816407,0.16932348671940767,0.8435958309221943,-1.936878152680312,0.17203787803363182,1.1944095822114584,0.45634080072710786,0.582246822404811,1.4032805791180611,-0.4653985468069457,0.34330518580211394,0.13104110196336746,-1.1371027778718565,1.0500575085429151,0.4048775656431198,-0.8128858529557939,1.7141365088787937,0.8448097361522334,0.2808124563034157,0.5171750155210921,0.01409837402554297
