marker_position_x,marker_position_y,marker_position_z,marker_quaternion_x,marker_quaternion_y,marker_quaternion_z,marker_quaternion_w
0.3532716631889343,0.26756322383880615,0.9335275888442993,0.9996800712367184,0.01633825443865388,0.0010519560784272566,0.019279782220148225
0.35300514101982117,0.26730063557624817,0.9330675601959229,0.9995991894800706,0.016796565093270873,0.004424143455327334,0.02235537399687296
0.35296663641929626,0.2672962248325348,0.9327064156532288,0.9996796210535651,0.016772526134909323,0.0037248501474523047,0.018586637905580017
0.3532792031764984,0.2675144672393799,0.9335464835166931,0.9996738420430765,0.01616483439166151,0.00148513095498062,0.019715528143338663
0.35291415452957153,0.2672891914844513,0.9326384663581848,0.9997041846737965,0.016025328863729545,0.0015558909244842481,0.018229404377002385
0.35302621126174927,0.2672664225101471,0.9329695105552673,0.999662934502494,0.01625195507866421,0.003343499408197219,0.019967782793565397
0.3532733619213104,0.2674916982650757,0.9335136413574219,0.9996549714551285,0.016717468379847413,0.0020499280771628142,0.020155944306669466
0.35348719358444214,0.2677793502807617,0.9341758489608765,0.9996902043859313,0.016376883814887045,0.0003480886031921097,0.018739577520669487
0.35291776061058044,0.26721686124801636,0.9326812624931335,0.9996505341004681,0.016461848230764582,0.003209182724150407,0.020433266300789676
0.3531544506549835,0.2674597203731537,0.9332413673400879,0.9996870183579158,0.016356040477452843,0.0019443798476604134,0.018829887242569555
0.3531906008720398,0.267448365688324,0.9333435893058777,0.9996750360334247,0.01657292682502557,0.002158758277036922,0.01924838150923319
0.3531007170677185,0.2673966586589813,0.9331284165382385,0.9996752339328236,0.016420692100226966,0.0019929799760673578,0.019385963043372804
0.35309118032455444,0.2674364447593689,0.9330278635025024,0.9996820980228697,0.017015981773078583,0.002805921211074561,0.018392554554740183
0.352977991104126,0.26729366183280945,0.9328648447990417,0.9996481789182704,0.016564843351627733,0.003270795838003986,0.02045546979924637
0.3531429171562195,0.2674417793750763,0.9332489967346191,0.9996710460961048,0.016553834059168878,0.0021789650668510826,0.019468494710646104
0.35295042395591736,0.2672486901283264,0.9328081011772156,0.9996373302033054,0.016552382323212902,0.0036153241145721283,0.020932179413064203
0.35284146666526794,0.267164409160614,0.9325127005577087,0.9996622783698537,0.016561763050651213,0.004393360753299427,0.019538054927207286
0.3526504933834076,0.26703041791915894,0.9318850040435791,0.9997102970161987,0.016010008082930162,0.002604037868883425,0.017782594516709074
0.3531584143638611,0.2674954831600189,0.9332757592201233,0.9996625734461798,0.0170414613921773,0.0030685710058590446,0.019362637128300216
0.3531087040901184,0.2674792408943176,0.9331920742988586,0.9996552540004501,0.016907197804567575,0.0025572167584831363,0.01992436834991171
0.3528236150741577,0.26720288395881653,0.9324407577514648,0.9996596450640666,0.016726102050064244,0.003892637663753284,0.019638709545539246
0.3531157374382019,0.26738715171813965,0.9331635236740112,0.9996502306134988,0.01638338190994885,0.003153301620047229,0.020519695915499445
0.35334107279777527,0.26759105920791626,0.933688223361969,0.9996767198890636,0.01667322537777268,0.002455767668762721,0.01903755426786566
0.3530410826206207,0.26730960607528687,0.9331021904945374,0.999601328075645,0.016712189567761285,0.004584157270119882,0.022290651210337357
0.3530142605304718,0.26731979846954346,0.9328837394714355,0.999700346440424,0.01624407412479267,0.0031821500012955586,0.018033893204010252
0.3531087040901184,0.2673812210559845,0.9331193566322327,0.999693530256303,0.01631690225728062,0.0023369374361869337,0.01847005651956376
0.35324719548225403,0.26754292845726013,0.9334704279899597,0.9996902898004472,0.016340436720930773,0.0011635988531694637,0.018733943636519174
0.35298430919647217,0.2673092782497406,0.9328912496566772,0.999650275544592,0.01648496564887531,0.0031271760035509635,0.020439992206938568
0.353209525346756,0.26750025153160095,0.9334713220596313,0.9996992761432579,0.016437165923598656,0.0023751129650471784,0.018042607723094305
0.35298988223075867,0.2672978937625885,0.9327486157417297,0.9996834190058957,0.016586174027187855,0.0032877869996006427,0.018631990029724023
0.35330504179000854,0.26752811670303345,0.9336029291152954,0.9996810117639088,0.01633926561468582,0.0014669602870436566,0.019202894192718353
0.35313475131988525,0.2674434781074524,0.9332523345947266,0.9996733386846196,0.01653264183896509,0.0026636159027828665,0.01930784367278883
0.3530089557170868,0.2673589885234833,0.9334270358085632,0.9995522451876703,0.01696665425650447,0.006966320318924314,0.023641323246424928
0.353182852268219,0.2674652934074402,0.9333180785179138,0.9996747505864462,0.016983475412433287,0.002655387340222493,0.018838883218371183
0.3532044589519501,0.26744645833969116,0.9334433078765869,0.9996500072663658,0.016803471866112155,0.0022005260351085133,0.020314132784059045
0.3533540368080139,0.2676409184932709,0.9337467551231384,0.9996595359312774,0.017067228643868674,0.0026830183380170745,0.01955309031019806
0.3533684313297272,0.2676387429237366,0.9337317943572998,0.9996667604035602,0.01682590390473086,0.0023208405289833396,0.019438899178679397
0.35338884592056274,0.267696350812912,0.933826208114624,0.99967410680824,0.017022869157606712,0.0018303113343419908,0.018935471032163417
0.35323846340179443,0.26749706268310547,0.9334523677825928,0.9996771153161236,0.016331774539936814,0.002102395705826932,0.01935247234609621
0.35291242599487305,0.26723116636276245,0.9326803088188171,0.9996555725682472,0.016721282461496775,0.0038478380452806635,0.019857721129825937
0.35296720266342163,0.26725271344184875,0.9330034255981445,0.9995991468028872,0.016722415404844877,0.004831569394949962,0.0223285125153819
0.35314562916755676,0.26746636629104614,0.9332624077796936,0.999670041754343,0.01696195821659552,0.0022668116720014897,0.019156230244285536
0.3531690239906311,0.2674008011817932,0.9331825971603394,0.9996689508039681,0.01665036641342512,0.0025882907476669527,0.019443632577216787
0.35351207852363586,0.267709881067276,0.9342052340507507,0.9996381027789245,0.01678481837529338,0.001226617975799458,0.02098639447361728
0.35318541526794434,0.26745325326919556,0.9332874417304993,0.9996692305511847,0.01695089231947314,0.0016998159830206067,0.019266742443905516
0.35312390327453613,0.2673617899417877,0.9331113696098328,0.9996994846978948,0.01656494271432314,0.0018894879132985971,0.01797144410057928
0.3529295325279236,0.26721689105033875,0.9326273202896118,0.9996441013989595,0.016750113499385353,0.0034754335838242324,0.020470114739023375
0.35274559259414673,0.26707324385643005,0.9321372509002686,0.9996701275426624,0.01641894776105989,0.0043311027270830854,0.0192690374026382
0.3528556823730469,0.2671538293361664,0.9322741031646729,0.9996830839535832,0.016801597478119636,0.003919480103694912,0.01833236632170903
0.3530175983905792,0.26738813519477844,0.9329805374145508,0.9996757991106522,0.01640322725261771,0.0025335482445216512,0.01930833865123574
0.35301917791366577,0.2673270106315613,0.9328961372375488,0.999659026243073,0.016799961113025723,0.0032866874221941234,0.019717764658818474
0.35270795226097107,0.26700249314308167,0.9320198893547058,0.9996867686241127,0.016206018079693935,0.004413991546950257,0.01855387545781241
0.3529011905193329,0.2672155797481537,0.9325454831123352,0.9997042981431257,0.015937043582507502,0.002647548669527558,0.01817463622888225
0.35316213965415955,0.2674045264720917,0.9331499338150024,0.9996711464290714,0.016712119685221332,0.002630923555253471,0.019271281588397485
0.35310834646224976,0.2673814296722412,0.9331725239753723,0.9996646732324418,0.016326614301683695,0.0030173359672811886,0.019871548509863935
0.3530639111995697,0.26737746596336365,0.9329836964607239,0.9996944046306345,0.016847293417270537,0.00267249972413468,0.017892003798853025
0.3529703915119171,0.2672867774963379,0.9329198002815247,0.999647348350155,0.016290021888260897,0.004037876629482097,0.020579350711546825
0.3531224727630615,0.267353892326355,0.9333816766738892,0.9996091285837834,0.016674615626008228,0.003999968850256615,0.022080477687115012
0.3530566096305847,0.26734358072280884,0.932951807975769,0.999655655159521,0.01708160228858515,0.0028462130326913364,0.019715198254545985
0.3528941869735718,0.26723814010620117,0.9326255917549133,0.9996651976688252,0.01649082154627745,0.003833971049131432,0.019566451913209108
0.3533801734447479,0.26762422919273376,0.9338076114654541,0.9996860688243286,0.016387147792707734,0.0018347143731901763,0.018864225638720405
0.3532209098339081,0.26751378178596497,0.9333327412605286,0.9997063738144133,0.01642461188994135,0.0005567672225403575,0.017806973054436192
0.353066086769104,0.26744192838668823,0.9330887198448181,0.9996542524995726,0.01692705624821471,0.0034002553178390446,0.019831502466131887
0.35330063104629517,0.26755279302597046,0.9336274266242981,0.9996830570878649,0.01644375462741417,0.0008198252534789962,0.019045109392387675
0.35289496183395386,0.2671886086463928,0.9325283765792847,0.9996414921662439,0.017032352615392987,0.0037263816630261045,0.020319945465768097
0.3534231185913086,0.26766237616539,0.9338318109512329,0.9996832214220781,0.016666368921746447,0.0009749813219479529,0.018834499344618262
0.353168785572052,0.2674839496612549,0.9332860112190247,0.9996820325941677,0.016848017481730378,0.0017372129744580914,0.018680473934306052
0.3533441126346588,0.2676273286342621,0.9336452484130859,0.9996701763463826,0.017075387193270945,0.0015047690278929846,0.01912342401258398
0.3529374599456787,0.2671695053577423,0.9326760768890381,0.9996464516268905,0.0168452843854292,0.004234593685309473,0.0201314768474971
0.3530939221382141,0.26743626594543457,0.9329794645309448,0.9996991367932708,0.01647073927110283,0.002301714006665199,0.01802921948627323
0.35289061069488525,0.2671717405319214,0.9327831864356995,0.9996264708988838,0.01656155374078671,0.005578484972860229,0.02101223741874253
0.3531404435634613,0.2674047350883484,0.9331458806991577,0.9996711147961077,0.0167312600029609,0.0026269265497977433,0.019256854310156314
0.3531324863433838,0.26749804615974426,0.9332579374313354,0.9996817627778287,0.01689113009568006,0.002151414711492466,0.018612745854466047
0.35290583968162537,0.26720520853996277,0.9325457215309143,0.9996679022241612,0.0168788746571436,0.004164592218959723,0.019022224494080617
0.3530504107475281,0.2673659026622772,0.9330280423164368,0.9996908274755361,0.016358431255738128,0.0022261161844982875,0.018592890976457527
0.35324597358703613,0.2675032317638397,0.9334875345230103,0.999718700211304,0.01614015597759336,0.0004966133998965809,0.01737150505772791
0.35356855392456055,0.2677607536315918,0.9344173669815063,0.9996743798950543,0.01634309645311276,0.0008150665370683878,0.019579914358933616
0.35317328572273254,0.2674719989299774,0.9332661628723145,0.9996829511026616,0.016293162158454354,0.0011789048579171843,0.019160906160407214
0.3531016707420349,0.2673877775669098,0.933172345161438,0.9996727898292384,0.016367904186408412,0.002825271373502721,0.019453093050667614
0.35314011573791504,0.267410546541214,0.933293879032135,0.9996619273226234,0.016054553687084704,0.001872182258304797,0.020366082124904657
0.35294559597969055,0.2672351896762848,0.9326788783073425,0.9996757362800588,0.016236778813246186,0.0026736942268189494,0.019432978821414374
0.3526934087276459,0.2670542001724243,0.9320212006568909,0.9996783695789142,0.01678190657865934,0.004471474063158082,0.018480555384820914
0.35264769196510315,0.26702672243118286,0.9319660663604736,0.9996357880199032,0.017020298759402076,0.005463285364805335,0.02021764706860539
0.3531099855899811,0.2673737704753876,0.9332042932510376,0.9996499757067238,0.016807688298662474,0.003354086508067933,0.020153852914468445
0.35295170545578003,0.26720818877220154,0.932727575302124,0.9996662502593096,0.01646737717666025,0.0035966493751448648,0.019577479273019026
0.3529362678527832,0.26731979846954346,0.9327093958854675,0.9996734615182143,0.016908738461951008,0.002576137607347045,0.018984952326637702
0.35314351320266724,0.26739999651908875,0.9331556558609009,0.9996820163986929,0.01644491473209221,0.0025488967162854816,0.0189455534104329
0.3533525764942169,0.26759234070777893,0.933688223361969,0.9996769398495147,0.016789344312945483,0.0014931961404783753,0.019023780274628154
0.35288718342781067,0.26714152097702026,0.9326606392860413,0.9996331205606896,0.01618722483506848,0.004823502717906117,0.021173848298481988
0.3529995083808899,0.26728513836860657,0.9328433275222778,0.9996748634274905,0.016503501660196405,0.0029990463028609594,0.01920436370863263
0.35331854224205017,0.267610102891922,0.9337560534477234,0.9996931617432708,0.01657123093529183,0.0016735716557164607,0.018335098225666435
0.3531510531902313,0.2674828767776489,0.9332709312438965,0.999679691942309,0.016548366089238306,0.002628337296037704,0.018967259711544546
0.35350993275642395,0.2677651047706604,0.9341545104980469,0.9996599885834218,0.017185359341968597,0.0011102985511490767,0.019579016492356535
0.353167861700058,0.26743680238723755,0.933297872543335,0.999701537217429,0.016579549533691073,0.0015610289021911125,0.01787507233931701
0.35323843359947205,0.2675108313560486,0.9335552453994751,0.9996846315495157,0.016714232320911335,0.0012350264373823469,0.018701513075969668
0.3529207706451416,0.2672259211540222,0.932795524597168,0.9996422859808514,0.01681471534668455,0.004405503952280276,0.020326262856570288
0.35344821214675903,0.2677590250968933,0.934105634689331,0.9996877813829111,0.016655536295208072,0.0011253588277552616,0.018592106710665607
0.35329484939575195,0.2676031291484833,0.9337891340255737,0.9996534534584812,0.016678617128534846,0.0021424333996602016,0.020253560139887473
0.3530399799346924,0.26737838983535767,0.9330522418022156,0.9996365775405515,0.01726155513878877,0.003723947869209507,0.020368695821555777
0.35297664999961853,0.2672593295574188,0.9327846169471741,0.9996680537676896,0.016390739960503962,0.0034627076365373976,0.01957384928139198
0.35321545600891113,0.2674880623817444,0.9335412979125977,0.9996448217686165,0.01683279737800469,0.002918864364318146,0.020454033207285463
0.3527463674545288,0.267097145318985,0.9323500394821167,0.9996186230318806,0.01670408302494221,0.004664453502548087,0.02149011334696743
0.35302454233169556,0.2673025131225586,0.93288654088974,0.9996525753911397,0.016834236866350834,0.003537034154056839,0.019970637756026064
0.3531564474105835,0.2674342393875122,0.9331617951393127,0.9996849280409834,0.01667933530512679,0.0014303128087663176,0.01870290423282004
0.3534744083881378,0.2677033841609955,0.9340091347694397,0.9996773883180701,0.016868923600371975,0.001530426166206344,0.018926608197910526
0.3533480167388916,0.2676471769809723,0.9338587522506714,0.9996907013411197,0.01678997520253193,0.0014567918079438967,0.018288688920393238
0.3527444303035736,0.2670750021934509,0.9322785139083862,0.9996550094207346,0.016668944738674012,0.004780766856700862,0.01972695337835905
0.35260799527168274,0.26697924733161926,0.9316781759262085,0.9996624298800821,0.016903814013321375,0.004228900549098264,0.0192718384747975
0.3531036078929901,0.2673286199569702,0.9330225586891174,0.9996607077590962,0.01661590364602681,0.0026581099915306316,0.019882544099830344
0.35270896553993225,0.26699721813201904,0.9320967197418213,0.9996219362278446,0.01708263941911366,0.004670043617261965,0.021032325957543518
0.35322117805480957,0.2675285339355469,0.9334375858306885,0.9996708880008128,0.01696594520884353,0.0013883540590792637,0.019192312519430942
0.35287201404571533,0.2671443819999695,0.9326075911521912,0.9996235284500873,0.01681314238086135,0.005255213692896638,0.021035739619053567
0.35320010781288147,0.26743900775909424,0.9333469867706299,0.9996730871652061,0.016814127286008406,0.0029069821106681,0.01904083444086281
0.3532707989215851,0.2675255835056305,0.9335477948188782,0.9996774640089916,0.016443048826237906,0.001529284458033856,0.019293920982935697
0.353202760219574,0.26751694083213806,0.9334700703620911,0.9996839915497201,0.016140673863413727,0.0021559606646841963,0.019150653254301916
0.35276728868484497,0.26705971360206604,0.9322702884674072,0.9996550981548364,0.01642201914125807,0.004240423966742291,0.02005045697610893
0.35296764969825745,0.26726049184799194,0.9328205585479736,0.9996703790282626,0.016485429994462154,0.002816587067138458,0.019478981715703697
0.3528704047203064,0.2671862542629242,0.9324725866317749,0.99968482983061,0.016227961904168947,0.003041354643579054,0.018911489124687722
0.35333648324012756,0.26753488183021545,0.9336689114570618,0.9996707841190355,0.0165825502456661,0.0017635850614616706,0.01949954291550588
0.3528994023799896,0.2671494483947754,0.932746410369873,0.9996169595901095,0.0164506690987898,0.0053830420147058375,0.02159473187366167
0.3529914915561676,0.2672824561595917,0.9332191348075867,0.9995749797802785,0.016503263132008998,0.0058306991633903646,0.023313194772863578
0.35285133123397827,0.26717111468315125,0.9326136708259583,0.9996374382487057,0.0170472771594239,0.004637446052532877,0.02031936237003495
0.35316747426986694,0.26748543977737427,0.9331550598144531,0.9997053392981332,0.01666346158938186,0.0012391146256373407,0.017607618283237494
0.35330143570899963,0.2675442397594452,0.9336221218109131,0.9996598424357354,0.016874887494241732,0.0025330589417092266,0.01972362050474707
0.35299813747406006,0.26725977659225464,0.9326556921005249,0.9996893567542673,0.016707839294022923,0.002397456817998802,0.018338219629239157
0.3532690405845642,0.26752451062202454,0.9334952235221863,0.9996810499222952,0.01653502529463674,0.0003336728388859549,0.019086121324138308
0.35325556993484497,0.26755186915397644,0.9335764646530151,0.9996772809034205,0.016865369140995873,0.0019018341617567508,0.01890175642904557
0.35289764404296875,0.2672281861305237,0.9325998425483704,0.9996808456548132,0.016699656434882266,0.0030087626904391302,0.018715652617722015
0.35327306389808655,0.2675604522228241,0.9335240721702576,0.9996864428645118,0.016504738233662126,0.001493669438706143,0.01877174792994267
0.35308822989463806,0.2673695385456085,0.9330706000328064,0.9997017213564519,0.016350550425717952,0.0017306156841075963,0.01805914690889451
0.35267868638038635,0.2669951915740967,0.9318392872810364,0.9996841497949087,0.016846631018221855,0.004100739980972407,0.01819273491739856
0.35289040207862854,0.2671712636947632,0.9326014518737793,0.9996505847396762,0.01668946198105428,0.0032037851305829344,0.020246136649829598
0.3528578579425812,0.2671675384044647,0.9323297739028931,0.9996950255823919,0.016466458279762244,0.002897877274755257,0.018174539467130244
0.3530798554420471,0.26740947365760803,0.9331055283546448,0.9996813461296128,0.016535289375893263,0.0018456318359951459,0.01898378383955404
0.3531777858734131,0.2674920856952667,0.9334529042243958,0.9996628667575985,0.016622729263813488,0.0019473748066048647,0.019850577552414417
0.3531920909881592,0.2674559950828552,0.9333603382110596,0.9996651318263683,0.016687853005170315,0.0022947113570832896,0.01964367767082554
0.3532101809978485,0.26747721433639526,0.9333066344261169,0.9996909455004092,0.016311447781157232,0.0009411823780859533,0.0187367107975674
0.3533770740032196,0.2676104009151459,0.9339621663093567,0.9996554254389997,0.016639664745641273,0.002127217155270232,0.020189772031892792
0.352812260389328,0.26712799072265625,0.9326444864273071,0.9995933483681261,0.016401912531803405,0.005597361840905053,0.02264475002995492
0.35279345512390137,0.267086923122406,0.9321421980857849,0.9996917123137964,0.0164657991655337,0.002834265863102051,0.018366402096421264
0.3530336916446686,0.26733243465423584,0.9329536557197571,0.999661050010902,0.017064922412169246,0.0035463524842950325,0.019338999411155366
0.35317283868789673,0.267492413520813,0.9332318305969238,0.999692294844979,0.016549890996261703,0.0015097808720015676,0.01841568074522538
0.3528020679950714,0.26710307598114014,0.9323979020118713,0.9996371931119213,0.01683859969845705,0.0047703365588018356,0.020474071325222
0.35326042771339417,0.26752838492393494,0.9335055947303772,0.9996689383280878,0.016613651338670217,0.001454629131253957,0.019592967750738113
0.3531942069530487,0.26744773983955383,0.9331949353218079,0.9996722918695744,0.017277639224391992,0.0027059064491914073,0.01869411996731643
0.35287073254585266,0.26723822951316833,0.9325562715530396,0.9996723266119042,0.016565364853110432,0.0034465977142068187,0.019208046694602916
0.35291561484336853,0.2671898603439331,0.9327471852302551,0.9996495583967633,0.01668249014644121,0.00441716631212711,0.020073454148229388
0.3530908524990082,0.26737552881240845,0.93328857421875,0.9995922519975826,0.01676952057243975,0.004191483383800852,0.022727613011821347
0.3532486855983734,0.26747003197669983,0.9334661960601807,0.999670672903304,0.016585024590538056,0.0021084045458986764,0.0194688809811343
0.3531593978404999,0.267575204372406,0.9334524869918823,0.9996575429574418,0.01700737708933601,0.003418012750561935,0.019592425109428095
0.3525944948196411,0.26688000559806824,0.9316582083702087,0.9996550145985265,0.01696058229593062,0.0052121352791271525,0.019365538516525227
0.35324177145957947,0.26750004291534424,0.9334084391593933,0.9996911952384429,0.016631747149091023,0.0021152000816758994,0.018341894071133923
0.35304251313209534,0.2673684060573578,0.9330275058746338,0.9996714936942064,0.016888583147253756,0.0030348122560690696,0.019038654601708015
0.3529925048351288,0.26734650135040283,0.9329604506492615,0.9996593782237777,0.01658482027830662,0.0030939705818876636,0.019912272889474045
0.3527960181236267,0.26711970567703247,0.9323495626449585,0.9996706026898562,0.016408680357012293,0.0038690607235039995,0.019351271166486998
0.3529670536518097,0.26725146174430847,0.9326047301292419,0.9996885395234801,0.016648421351562727,0.0022563363809367594,0.018454347944273048
0.3533640503883362,0.26764294505119324,0.9338201880455017,0.9996906717674948,0.016796804921130476,0.0010798159417782537,0.018310164473001
0.3529316484928131,0.26725828647613525,0.9327598214149475,0.9996738628059454,0.016453058323930583,0.0029770280796337836,0.019302906471365882
0.3530353903770447,0.26726335287094116,0.9330898523330688,0.9996256687730466,0.01667428632170609,0.004323294837392994,0.02125557873712653
0.35283342003822327,0.2671777606010437,0.9325383305549622,0.9996651322017579,0.01658585749497465,0.004175146772239211,0.019419087018410074
0.3531520366668701,0.2674875855445862,0.9333136677742004,0.9996826139304763,0.016725729000655314,0.002023920166032931,0.018730326790749457
0.35308507084846497,0.26735177636146545,0.9330647587776184,0.9996510214691743,0.016928031526542296,0.0034569362405699913,0.01998315831147967
0.3529406487941742,0.26723942160606384,0.9327917098999023,0.99965798062242,0.01646143775319947,0.0035056890452980654,0.020016318076027998
0.3530952036380768,0.2674010097980499,0.933099627494812,0.9996622172433962,0.01674495835727673,0.0024461560619045107,0.019724961499348607
0.3527428209781647,0.2671753764152527,0.932421863079071,0.9996528093550382,0.01696248327764885,0.00472223575151946,0.01960192335313497
0.3532421886920929,0.26752305030822754,0.9334163665771484,0.9997073134772219,0.01602218606694163,0.0009656469219385608,0.018100951903536524
0.3530348241329193,0.26735296845436096,0.9330703616142273,0.9996613931554156,0.016737069502692593,0.003039182763125231,0.019690934644350486
0.3530106246471405,0.2672557532787323,0.9330111742019653,0.9996076894432294,0.016588581286682853,0.004358556914168473,0.022142474082389917
0.3533797264099121,0.2675556540489197,0.9339027404785156,0.9996369904847533,0.016853551846864028,0.002978926202780107,0.020807956252567365
0.35329607129096985,0.26755306124687195,0.9335628151893616,0.9996864683498436,0.01657296874571911,0.00029594576332310507,0.018767368522935014
0.35267746448516846,0.26694172620773315,0.9319244623184204,0.9996738288599145,0.016376769962823435,0.0037886183994117186,0.019227159664571163
0.35339537262916565,0.26767241954803467,0.9338014721870422,0.999689585932357,0.016245890435549436,0.0005523637281387877,0.018881147122475576
0.35278841853141785,0.2671152949333191,0.9324153661727905,0.9996635339496612,0.01630473156194747,0.0035625057974147585,0.01985656497007225
0.3531561493873596,0.26745250821113586,0.9332894682884216,0.9996814586731513,0.016555104909576422,0.0021993862344272695,0.01892280071092738
0.3532226085662842,0.2674505412578583,0.933589518070221,0.9996212158099343,0.016654393940739504,0.00372295093851757,0.021591565516300742
0.3529275953769684,0.2672104239463806,0.9327996969223022,0.9995790814862063,0.017484704378424188,0.005817217857490236,0.022407698328693694
0.3530057370662689,0.26729610562324524,0.9328564405441284,0.9996750423065031,0.016544440968880417,0.002792190272466112,0.01919101185453328
0.35332435369491577,0.26757341623306274,0.9336168766021729,0.9996829452272862,0.016764997488875246,0.0010865935539221075,0.01875535111229538
0.35335150361061096,0.26756298542022705,0.9336231350898743,0.9996902765061118,0.016456088558664317,0.0007253123266179028,0.018655351256734943
0.3528001606464386,0.2671743631362915,0.9323920011520386,0.9996695075464462,0.01650644200242065,0.003715457830485168,0.01935480372869506
0.35282278060913086,0.26714545488357544,0.9324840307235718,0.9996754289096305,0.01620896451678845,0.003445794829679106,0.019350266190202477
0.35319840908050537,0.26749882102012634,0.9333250522613525,0.999682948193349,0.016655515052851816,0.0015038227981004127,0.018823799477525792
0.35284626483917236,0.2671605348587036,0.9326966404914856,0.999606912023349,0.01683462573379446,0.005310188185541861,0.021781154996512078
0.35349100828170776,0.2677459418773651,0.9341834783554077,0.9996856356355305,0.01666765443862004,0.001413168220128741,0.018676781175609294
0.35279104113578796,0.2670917212963104,0.9323135614395142,0.9996159985601532,0.01702179968641131,0.005334157751439481,0.021205200284512334
0.35323792695999146,0.26745352149009705,0.9337353110313416,0.9995979195953958,0.0167677804920367,0.004382126458482012,0.022441872596323142
0.35283318161964417,0.2671370804309845,0.9327033162117004,0.9996001101691633,0.016911929424271614,0.004913193098113362,0.02212389944213731
0.35304439067840576,0.2673000395298004,0.9332202672958374,0.9995936230662835,0.01669825035586697,0.0048809804653628785,0.02258170033390842
0.35308802127838135,0.2674263119697571,0.933141827583313,0.9996672752400952,0.016823969404519783,0.0030783407254554723,0.01930846151037438
0.3528027832508087,0.267130047082901,0.9325079321861267,0.9996154280232297,0.016687075172373386,0.005009894105098263,0.02157402468671071
0.3528290092945099,0.2671405076980591,0.9324154257774353,0.9996531140247319,0.01687622141848434,0.00408010788448605,0.019803976644644936
0.35292482376098633,0.2671857178211212,0.9328494071960449,0.9996019196985775,0.016796297756666148,0.00524276541012912,0.02205447635838432
0.35277557373046875,0.26707592606544495,0.9323444366455078,0.9996437956531955,0.01688579164428175,0.005083447274802747,0.020032733623312586
0.35265347361564636,0.26703378558158875,0.9320563673973083,0.9996435739633526,0.01676460231500665,0.005127857101676719,0.020134006668815003
0.35321083664894104,0.26749446988105774,0.9334747195243835,0.9996910673479212,0.016373580374488585,0.001560449781078788,0.018634396340502568
0.35339123010635376,0.2676209807395935,0.9341549277305603,0.9996091208877135,0.01664909636297395,0.0028882094692359787,0.02227265755249747
0.35296159982681274,0.267234206199646,0.9329773783683777,0.9996085533166246,0.01655550955144922,0.0054792955131977425,0.02187767264624096
0.3530450761318207,0.26730966567993164,0.9331885576248169,0.999605735176856,0.016593157102118047,0.004418577346353393,0.022215254064623744
0.3532557189464569,0.26754558086395264,0.9334383010864258,0.9997047607891631,0.01631899295224445,0.0005934331352051623,0.01799248625456547
0.3528135120868683,0.26714441180229187,0.9323663711547852,0.9996700430744432,0.01673460977963814,0.003405185769781039,0.01918756172465526
0.35306426882743835,0.2673587203025818,0.9330068230628967,0.9996741619866948,0.016290463882408717,0.0030864507677263527,0.019407845433065535
0.3531644642353058,0.26741552352905273,0.9332171082496643,0.9996649408266522,0.016877025809217884,0.0018940439216719937,0.01953419257362729
0.3530578017234802,0.2674245536327362,0.93304842710495,0.9996957393409895,0.016621469679542526,0.0012518534647016513,0.018182088770750355
0.3527243435382843,0.267088919878006,0.9322669506072998,0.9996711867588305,0.01668674742305404,0.00474260219761085,0.01888328755873596
0.3528293967247009,0.2671946883201599,0.9323858618736267,0.9996522128473153,0.01672829598065539,0.004307154518275082,0.019926512063202066
0.35295626521110535,0.26729464530944824,0.9327692985534668,0.9996583421850466,0.016555623691146926,0.0029193682410556085,0.02001468243851663
0.3525572419166565,0.26693227887153625,0.9316874742507935,0.9996527007117467,0.01646379333039098,0.00575780493477261,0.01975523098367035
0.35305413603782654,0.26735159754753113,0.932965874671936,0.9996662371401887,0.01680314397526093,0.002886759048596899,0.019409670185711894
0.3532693684101105,0.2675516903400421,0.9337180256843567,0.9996556219234067,0.016411364438446648,0.0018050046695973444,0.020397221191575023
0.3530861437320709,0.2673606276512146,0.9330357909202576,0.9996808828851174,0.01645238092630683,0.001798139144185964,0.019084502914827557
0.35351940989494324,0.26774489879608154,0.9341908693313599,0.9996743386837035,0.0168359249594314,0.000565565071796483,0.019168942177649025
0.35327252745628357,0.2675427198410034,0.9337460398674011,0.9996519024728839,0.016446827576267448,0.0016425938931841644,0.02056398867735124
0.3529883921146393,0.2672834098339081,0.9331241250038147,0.999605487892729,0.016745557505005542,0.004734723141590686,0.022046253091133824
0.35314202308654785,0.2674570679664612,0.9333112239837646,0.9996908451725756,0.016197589866455454,0.0017811365080459684,0.01877976872592691
0.35308167338371277,0.2673681974411011,0.9331861138343811,0.9996600555552575,0.016580317251507663,0.0026160602477905115,0.019950504652234774
0.35332760214805603,0.2676135003566742,0.9338045120239258,0.9996911059140356,0.016419148215413244,0.0009181521655174731,0.018634949016660497
0.35297659039497375,0.2672453820705414,0.932824969291687,0.9996967316729755,0.015659621271560703,0.001345121123571925,0.018958153738300808
0.353058397769928,0.26732704043388367,0.933018684387207,0.9996842429901635,0.01641159793501614,0.002601818399678456,0.018849517538078703
0.35292747616767883,0.26721152663230896,0.9328243136405945,0.9996779920107552,0.01625757504339168,0.003735245502998819,0.01912201569095431
0.35313159227371216,0.26745882630348206,0.9332638382911682,0.9996571300430146,0.01696296695730027,0.0023193268335170384,0.01981163368347905
0.3533875644207001,0.26759055256843567,0.9338871836662292,0.9996767434522424,0.016415242623459034,0.0018475429582986698,0.019327053457512944
0.3529902994632721,0.2673240303993225,0.9327917098999023,0.9996864771846286,0.01658607538165533,0.001810509419324727,0.01867006944988709
0.3530349135398865,0.26733171939849854,0.9331163167953491,0.9996473459297635,0.01636619941952518,0.002598524639717801,0.020750396666980434
0.3531407415866852,0.2674492597579956,0.9332849979400635,0.9996455030458535,0.017019520216901576,0.003160073832277905,0.020229140000588054
0.35324886441230774,0.2674902677536011,0.9334216713905334,0.9996807609858671,0.01661866418615998,0.001876068415456366,0.01893875610186004
0.35315507650375366,0.2673766613006592,0.9332517981529236,0.9996594595062631,0.01661149194909218,0.0026447329160996075,0.019950657700278127
0.35306209325790405,0.2673599421977997,0.933029055595398,0.9996614559853495,0.016577015832066565,0.0030373104682891237,0.019822984348322012
0.35327833890914917,0.2675585448741913,0.9336382150650024,0.9996578341533621,0.016928763403080718,0.0020105996318340227,0.019839079478955773
0.35309550166130066,0.2674085795879364,0.9330925345420837,0.9996694488277125,0.016780001373192757,0.0026990067163247776,0.019290930437863375
0.3529987633228302,0.2672412693500519,0.9327773451805115,0.9996743755185731,0.016353347202190758,0.0032815640289816533,0.019311714174543748
0.3525785505771637,0.26689183712005615,0.9316115975379944,0.9996596076585458,0.016551001184799737,0.00510886039953555,0.019509810895067356
0.3531155586242676,0.2673979103565216,0.9330441355705261,0.9996853916740965,0.01649217490121146,0.0017443601070014415,0.01881709457522892
0.353203684091568,0.2674957513809204,0.9333526492118835,0.9996770293813776,0.016719164808236812,0.0020068609074001867,0.019033627206544196
0.353476881980896,0.2677091658115387,0.9339836239814758,0.9996816265424462,0.01672807712057898,0.0009397428112915368,0.018866209813997024
0.35283413529396057,0.2671629786491394,0.932493269443512,0.9996485655072972,0.017230745180844054,0.004421052400640466,0.019654546430444307
0.35282155871391296,0.2670993506908417,0.9324193000793457,0.9996304996145525,0.016849180506800503,0.004619961743895333,0.02082367186867297
0.35341423749923706,0.2676580250263214,0.9339110851287842,0.9997148919562465,0.01607160800553067,0.00046465977050277397,0.017652827204860413
0.35291773080825806,0.2672257125377655,0.9326664209365845,0.9996623799884207,0.01692555589898191,0.0042785883078421145,0.019244356977796494
0.35327932238578796,0.26751917600631714,0.9336186647415161,0.9996955826100868,0.01642351517400829,0.0009521008085620758,0.018387598082904577
0.3532358705997467,0.2674451768398285,0.9334071278572083,0.9996550978435226,0.017171868247295514,0.003202905784572014,0.019610040563187606
0.3527633547782898,0.26706522703170776,0.93236243724823,0.9996739492553056,0.016338091454543343,0.004565628043118104,0.019084469824848366
0.3529665768146515,0.26726818084716797,0.9331322908401489,0.99957403263111,0.016801188483304863,0.006483900653565029,0.022965896182029426
0.35296791791915894,0.26722005009651184,0.932671070098877,0.9996479314907566,0.01711044273283633,0.0038700322967251542,0.01990649807877368
0.353240042924881,0.2675279378890991,0.933571994304657,0.9996497129444338,0.016647087664469342,0.001877170618981349,0.020489073011480313
0.35324275493621826,0.26748859882354736,0.9334855675697327,0.9996736800141054,0.016690134427350616,0.0016602525423557763,0.019266978521519866
0.353174090385437,0.2674890458583832,0.9332796335220337,0.9996854099953129,0.016577776618865097,0.0012742553815149708,0.01877856858498476
0.3531973659992218,0.267423540353775,0.9333286285400391,0.9996747203835893,0.016659694674910255,0.0025610372635294578,0.019140247842335346
0.3531789481639862,0.2674039602279663,0.9333944320678711,0.9996513355448663,0.017042018527357983,0.002750980356237775,0.019980216589361312
0.3529459834098816,0.26730236411094666,0.9326210618019104,0.9996969079424729,0.016527914056586428,0.0026845687038274456,0.01804753163375806
0.3529496192932129,0.2672881782054901,0.9329150319099426,0.9996288394258558,0.016598606450806516,0.004906494106020708,0.021037964910976037
0.3534627854824066,0.2676911950111389,0.9341313242912292,0.9996644475732506,0.016856961509693173,0.000972669080189612,0.019644058175152124
0.35301920771598816,0.2673475444316864,0.9328781962394714,0.9996458482830425,0.01715094537844612,0.004029310903865674,0.019944616735904166
0.35299891233444214,0.26723936200141907,0.9330748915672302,0.9995901688273036,0.01661549014480999,0.005572321826225428,0.022635571574749033
0.35336360335350037,0.2676047086715698,0.9338870644569397,0.9996360416625717,0.01693898687216179,0.002536476796576084,0.020842773769112838
0.35327842831611633,0.2675970494747162,0.9337226152420044,0.999639483451202,0.01720308062055161,0.0018198472028824635,0.020534003475579522
0.3528828024864197,0.26717039942741394,0.9326980710029602,0.999630251698955,0.016767714497935633,0.005007688587007168,0.020811696082133426
0.35297754406929016,0.26726898550987244,0.9328162670135498,0.9996594854000934,0.016439257309965625,0.002980694313812154,0.020044438882764394
0.3532097041606903,0.26742565631866455,0.9334035515785217,0.9996733669473221,0.016255256936176268,0.0019367987532177631,0.01962587192287997
0.35319310426712036,0.2674467861652374,0.9331788420677185,0.9996703721091938,0.017252730928690646,0.0019861182223455663,0.01890887984453331
0.35323190689086914,0.26750054955482483,0.9335117340087891,0.9996505555235059,0.016790113693032217,0.0022920895169072026,0.02028805681595738
0.35293349623680115,0.2672341465950012,0.9326111674308777,0.9996886405835489,0.016462412747614046,0.0020210401224695935,0.018642055990871095
0.3528568744659424,0.2671407461166382,0.9325733780860901,0.9996507864688765,0.01665080135406126,0.0034617207900781532,0.020225538697298217
0.3530063331127167,0.2672438323497772,0.9327881932258606,0.9996798515349828,0.016597491851661164,0.002349312138949094,0.018952531010467136
0.3530620038509369,0.26740553975105286,0.9333508014678955,0.9996165399066962,0.016337962564486132,0.004401128890201082,0.021919721455751367
0.35318052768707275,0.26749497652053833,0.9333903193473816,0.9996781760901353,0.016455201084183968,0.001782872104508432,0.01922477499058194
0.353234201669693,0.26744741201400757,0.9334049224853516,0.9996577487577308,0.01704700465491985,0.002213770335198914,0.01972014710451434
0.35325583815574646,0.26760992407798767,0.9336588382720947,0.9996749934080965,0.01642568552610803,0.0018600741571258765,0.019407331955980885
0.35296985507011414,0.2673243582248688,0.932698667049408,0.9997012801313272,0.016534845466591078,0.0027672895272421675,0.017784585962400234
0.3532417416572571,0.26752203702926636,0.9335692524909973,0.9996539115270051,0.01697677342409317,0.0027377584427992745,0.0199085662862608
0.35290253162384033,0.26724570989608765,0.932709813117981,0.9996692617867666,0.016376522689098665,0.0030441845077241294,0.019593608243444728
0.35266339778900146,0.2670688033103943,0.9321120381355286,0.9996678198356375,0.016619972264856123,0.0036966558383341895,0.019348417056491825
0.3534199595451355,0.26766642928123474,0.9340529441833496,0.999668928509537,0.016292043842888886,0.0017241692708943478,0.019840108879264417
0.35319775342941284,0.26745936274528503,0.9333063960075378,0.9996865522218418,0.01642734889463516,0.0025253613184852896,0.018723302735141598
0.3531215190887451,0.26736050844192505,0.9334016442298889,0.9996012575539155,0.0168833062102395,0.004236892298683915,0.02223350201141425
0.3534841239452362,0.2677077054977417,0.9339749217033386,0.9996971532470589,0.017013484414927674,-7.620655022620746e-06,0.01778041281059282
0.35302090644836426,0.2672969102859497,0.932801365852356,0.9997037369140888,0.016488417229490647,0.0024613390511610644,0.017734494843325437
0.353173166513443,0.26743921637535095,0.9334996938705444,0.9996143946103137,0.016751888819949004,0.003736455791354197,0.0218283120497046
0.35302796959877014,0.2673620283603668,0.9329401254653931,0.9997133460080263,0.016193404815126954,0.0018457127430926811,0.017538323705523624
0.3531346917152405,0.26748186349868774,0.933244526386261,0.9996845999589281,0.01662238960687564,0.001994780926118455,0.01871944491089324
0.35304462909698486,0.2673760950565338,0.9329419732093811,0.9996862672706643,0.016339760255123206,0.0025992927125948117,0.01880486486644077
0.3530513346195221,0.2674708962440491,0.9330803155899048,0.9996677011408635,0.0172066362510851,0.002272715027955801,0.019059216433681372
0.3526740074157715,0.26702186465263367,0.9320206046104431,0.9996683136488917,0.0164419655566868,0.0038382788700122867,0.01944716098380026
0.3529635965824127,0.267305850982666,0.9328597187995911,0.9996722459608973,0.016933066150548733,0.0032128209008081485,0.018930126996292033
0.35320502519607544,0.26745662093162537,0.9333541393280029,0.9996615665978177,0.01700093988225145,0.0027547538754303397,0.019496964927979307
0.3532520830631256,0.2675012946128845,0.9333731532096863,0.9996854579364555,0.016485757533418584,0.0011640593760466125,0.018863985652499155
0.3530815541744232,0.2673470079898834,0.9331428408622742,0.9996408868380308,0.01681866443570407,0.0035811303561028795,0.02055250334259518
0.3529430627822876,0.2672763764858246,0.9327077269554138,0.9996791888154306,0.01640358503868826,0.003343095701785417,0.01900698709237496
0.3534938395023346,0.267728328704834,0.9341843128204346,0.9996681400655087,0.016312191379617542,0.0007134219590101452,0.019925189571737816
0.3525863289833069,0.267032265663147,0.931887686252594,0.9996899998116167,0.01622995248144839,0.004096820494849717,0.018431195862802688
0.35284683108329773,0.26710063219070435,0.9325441718101501,0.9995507177121888,0.01729233712547005,0.006024328809041048,0.023728574760989652
0.3531121015548706,0.2673895061016083,0.9332111477851868,0.9996611166821017,0.01684022760940579,0.002909604595608859,0.019636515196292847
0.35290107131004333,0.2671981751918793,0.9328374266624451,0.9996270783726032,0.016376100104270812,0.004592639568571863,0.02136434392677537
0.35313206911087036,0.2674097418785095,0.9331693053245544,0.9996778337907917,0.016617463192022924,0.001880395274621544,0.019093262110581186
0.35335755348205566,0.26757192611694336,0.9337910413742065,0.9996749985516797,0.017015287843106925,0.0017029585599593674,0.018907066997778662
0.35317811369895935,0.26750531792640686,0.9333515763282776,0.9996861633446855,0.016490218078752363,0.0023854960565032864,0.018707135896830786
0.3534657657146454,0.26773902773857117,0.9341039061546326,0.9996901996265642,0.016820451790930974,0.0011443584680585922,0.018310314466053728
0.35259515047073364,0.26692402362823486,0.9318385720252991,0.9996660178154758,0.01648229338267329,0.004748710514501099,0.019329681276364585
0.35329923033714294,0.2675710618495941,0.9336482286453247,0.9996622740789997,0.01665003393862795,0.0021309174527156774,0.019838683017155807
0.353151798248291,0.2674398720264435,0.9332709312438965,0.9996648785184332,0.016408469349366572,0.00233005504538857,0.019886267468346815
0.35301506519317627,0.2673178017139435,0.932806134223938,0.9997017430904519,0.016623146772169452,0.002236942714454745,0.01775082929317211
0.3528972864151001,0.26721954345703125,0.932610273361206,0.9996852000291938,0.016456903830765753,0.0030840528092933354,0.01868581754072005
0.3529570698738098,0.26719486713409424,0.9327029585838318,0.9996745989753069,0.016251855256984294,0.0032340072040696983,0.019393673238181655
0.3534071743488312,0.267755389213562,0.9339341521263123,0.9997041193849671,0.016541552375129942,0.000999699933033525,0.01780593524059715
0.35293149948120117,0.26729512214660645,0.9327033162117004,0.9997029210433134,0.016360243059162036,0.002764276387902623,0.017854155834518805
0.3528134524822235,0.2671152353286743,0.9324135780334473,0.9996834483555571,0.016065126733577455,0.002935044295784809,0.019138973377853797
0.35251563787460327,0.2668699622154236,0.9315646290779114,0.9996683597829765,0.016270586855617726,0.004453342854520853,0.019457805364610656
0.35296469926834106,0.2672540247440338,0.9328757524490356,0.9996400890904551,0.016826536858569125,0.003755100302857011,0.02055381138109544
0.3530743420124054,0.26739731431007385,0.9329113960266113,0.9997061745792375,0.01632619746800474,0.001495695094769211,0.01785448628682545
0.3529973030090332,0.2673228681087494,0.9331062436103821,0.999602203008772,0.016643397766580813,0.004583375844874381,0.022303042766802596
0.3530382812023163,0.267371267080307,0.9328991174697876,0.9996831461850949,0.01688386405165564,0.0028768966705078423,0.018446295934485
0.35254454612731934,0.2669077217578888,0.9316533803939819,0.9996860318754219,0.01642922358250913,0.0042730639262519386,0.01842984564045711
0.35279133915901184,0.26712197065353394,0.9323588013648987,0.9996490465369178,0.016717605933914186,0.004581856680707916,0.020032773123736143
0.3531571626663208,0.26749542355537415,0.9333384037017822,0.9996320721505751,0.017026376027758753,0.0027411509521626113,0.020935829068039497
0.35301971435546875,0.26727938652038574,0.9330803751945496,0.9995987917478243,0.016800771272974094,0.005204030301810585,0.02220152448686376
0.35305339097976685,0.26731956005096436,0.9330337643623352,0.9996733469827063,0.01669854538104761,0.0028307180271898726,0.019140139759190836
0.35308021306991577,0.2674073576927185,0.9330102205276489,0.9997004840747385,0.016172456998687464,0.0014805059634686764,0.01830851925884043
0.35306939482688904,0.26731953024864197,0.9331883788108826,0.9996283490626896,0.016689779880351818,0.0035777715336447256,0.02125592972796142
0.35317352414131165,0.26749229431152344,0.9333665370941162,0.9996618196703742,0.01709110451512433,0.0029340863860450135,0.01937863712567513
0.35292768478393555,0.2673264443874359,0.9327501058578491,0.999657397317945,0.016973220914574805,0.0037560895910619184,0.019567563728817704
0.3531040549278259,0.2674275040626526,0.9332046508789062,0.9996789825710635,0.016478156723913392,0.00260973298816756,0.019068074113452058
0.3532807528972626,0.2674441933631897,0.9338470697402954,0.9995912398019784,0.016678281122442695,0.004017143426922412,0.022870304078258016
0.3529377579689026,0.2672441303730011,0.9328209757804871,0.9996422201764217,0.016430881237263165,0.0043051019440358195,0.020662136379690155
0.35304683446884155,0.2672804296016693,0.9329625368118286,0.9996637957237878,0.016260618034824904,0.002908918996066995,0.01998564511115038
0.3530726432800293,0.2673085033893585,0.9329766035079956,0.999659356444308,0.017034728435770804,0.002489387544637853,0.01961611710109615
0.35259610414505005,0.2669443190097809,0.9317570924758911,0.9996534533478932,0.016751541698514293,0.0048515377571657714,0.019718560843662827
0.35284528136253357,0.2671999931335449,0.9325465559959412,0.9996653264735178,0.016950088848329256,0.0043835023247027404,0.01904506345482386
0.3528580963611603,0.267147958278656,0.9324343800544739,0.999678764598137,0.01662706565950854,0.003356667281782106,0.018831916627270733
0.35359063744544983,0.2677762806415558,0.9343457818031311,0.9996990985844847,0.016672710124771572,0.00013475454025810437,0.017992077914406223
0.35304513573646545,0.2673543095588684,0.9329248666763306,0.999657788316358,0.016735194313390413,0.0028126180886511904,0.01990800615902951
0.3532980978488922,0.2675793170928955,0.933596670627594,0.9996880289592636,0.01684407408746656,0.0010420913053283977,0.018412929408164448
0.35310330986976624,0.26732075214385986,0.9332161545753479,0.999661417676634,0.01628365057985156,0.0030306330642829076,0.02006758569846743
0.35324859619140625,0.2675008475780487,0.9334917664527893,0.9996713501337413,0.01670594677466697,0.0027633131648253204,0.019247523593903557
0.3530521094799042,0.267341285943985,0.9329615235328674,0.9996696596923113,0.016463304022172165,0.002117291698785622,0.019622644755348768
0.35282060503959656,0.2671792507171631,0.9325244426727295,0.9996298660184425,0.01700453233601348,0.004730260778282013,0.020702692504928514
0.35278528928756714,0.267099529504776,0.9324553608894348,0.999629755726655,0.01641487250973184,0.004741470136202456,0.021175974294112176
0.353290855884552,0.26757654547691345,0.9336294531822205,0.9997070466610999,0.01602319652671128,0.00025810251601837556,0.01813867173469641
